#,id,users_id,workout_datetime,L_max_speed,R_max_speed,L_max_force,R_max_force,L_avr_speed,R_avr_speed,L_avr_force,R_avr_force,weight_value,speed_value,set_seq,reps,workouttime,breaktime,workouttype_code
1,758,100000344,1593744610,1003.00,1003.00,0.00,0.00,562.95,562.72,10.13,9.98,10.00,0.00,1,20,58,19,2
2,759,100000344,1593744683,0.00,0.00,14.55,15.29,0.00,0.00,10.56,10.89,20.00,40.00,1,15,66,28,2
3,760,100000344,1593744814,0.00,0.00,17.32,16.97,0.00,0.00,12.23,12.39,20.00,40.00,2,12,196,99,2
4,761,100000344,1593744895,0.00,0.00,15.81,15.25,0.00,0.00,11.51,11.66,20.00,40.00,3,12,278,54,2
5,817,100000344,1594096277,1003.00,1004.00,0.00,0.00,721.32,721.15,7.63,7.67,14.00,0.00,1,20,67,33,2
6,818,100000344,1594096364,1003.00,1003.00,0.00,0.00,721.61,721.41,8.74,9.03,14.00,0.00,2,15,154,61,2
7,819,100000344,1594096450,1002.00,1003.00,0.00,0.00,693.73,693.56,9.92,9.86,18.00,0.00,3,15,240,61,2
8,820,100000344,1594096565,0.00,0.00,11.99,12.30,0.00,0.00,8.19,8.72,13.00,40.00,1,15,63,16,2
9,821,100000344,1594096666,0.00,0.00,12.81,13.21,0.00,0.00,8.90,9.09,13.00,30.00,2,15,164,60,2
10,822,100000344,1594096765,0.00,0.00,13.00,13.89,0.00,0.00,9.61,10.12,14.00,20.00,3,14,263,56,2
11,823,100000344,1594096823,1003.00,1002.00,0.00,0.00,680.96,680.52,5.36,5.21,10.00,0.00,1,20,43,14,6
12,824,100000344,1594096907,742.00,743.00,0.00,0.00,380.37,380.29,7.29,7.86,10.00,0.00,2,12,126,56,6
13,825,100000344,1594097008,0.00,0.00,8.17,8.56,0.00,0.00,5.50,5.94,10.00,40.00,1,15,48,15,6
14,826,100000344,1594097093,0.00,0.00,7.17,8.51,0.00,0.00,5.44,6.40,10.00,40.00,2,12,133,58,6
15,827,100000344,1594097180,0.00,0.00,7.53,9.01,0.00,0.00,5.35,6.26,10.00,30.00,3,12,220,59,6
16,1273,100000344,1595238105,1003.00,1002.00,0.00,0.00,432.50,432.42,9.15,9.22,10.00,0.00,1,25,73,19,2
17,1274,100000344,1595238191,1003.00,1003.00,0.00,0.00,545.10,544.92,9.04,8.54,10.00,0.00,3,19,159,22,2
18,1398,100000344,1596082400,0.00,0.00,12.61,12.69,0.00,0.00,8.51,8.63,10.00,30.00,1,15,52,19,2
19,1399,100000344,1596082482,0.00,0.00,12.39,12.42,0.00,0.00,7.82,8.21,10.00,30.00,2,16,134,43,2
20,1400,100000344,1596082587,0.00,0.00,9.14,9.22,0.00,0.00,6.43,6.89,10.00,40.00,1,20,96,55,6
21,1401,100000344,1596082658,0.00,0.00,10.85,11.67,0.00,0.00,6.46,7.25,10.00,30.00,2,15,167,39,6
22,1402,100000344,1596082779,0.00,0.00,10.24,9.69,0.00,0.00,4.82,4.27,10.00,30.00,1,16,113,60,5
23,1403,100000344,1596082871,0.00,0.00,11.78,10.25,0.00,0.00,6.01,5.10,10.00,20.00,2,16,205,40,5
24,1467,100000344,1596178165,0.00,0.00,13.22,12.62,0.00,0.00,7.27,6.89,10.00,60.00,1,12,116,87,2
25,1468,100000344,1596178232,0.00,0.00,9.88,10.47,0.00,0.00,6.81,6.85,10.00,50.00,2,12,183,40,2
26,1469,100000344,1596178307,0.00,0.00,10.27,11.16,0.00,0.00,7.00,7.44,10.00,30.00,3,12,257,44,2
27,1470,100000344,1596178381,0.00,0.00,11.47,11.41,0.00,0.00,7.45,7.44,10.00,30.00,4,12,331,42,2
28,1471,100000344,1596178470,0.00,0.00,8.38,8.61,0.00,0.00,6.67,6.06,10.00,60.00,1,12,37,15,6
29,1472,100000344,1596178559,0.00,0.00,8.55,8.48,0.00,0.00,6.67,6.31,10.00,40.00,2,12,125,65,6
30,1533,100000344,1596582867,0.00,0.00,7.74,7.90,0.00,0.00,5.55,5.47,10.00,60.00,1,30,77,31,6
31,1534,100000344,1596582986,0.00,0.00,7.70,8.85,0.00,0.00,5.46,6.23,10.00,50.00,2,25,196,78,6
32,1535,100000344,1596583092,0.00,0.00,8.80,9.60,0.00,0.00,5.89,6.51,10.00,40.00,3,20,303,76,6
33,1536,100000344,1596583196,0.00,0.00,8.65,9.85,0.00,0.00,6.19,6.20,10.00,20.00,4,15,406,75,6
34,1537,100000344,1596583264,0.00,0.00,8.71,10.12,0.00,0.00,6.07,6.52,10.00,20.00,5,10,475,40,6
35,1538,100000344,1596583369,0.00,0.00,12.05,11.88,0.00,0.00,8.14,8.00,15.00,50.00,1,26,98,49,2
36,1539,100000344,1596583457,0.00,0.00,14.19,14.58,0.00,0.00,10.10,10.21,20.00,40.00,2,15,186,52,2
37,1540,100000344,1596583537,0.00,0.00,13.11,12.60,0.00,0.00,9.10,8.97,15.00,30.00,3,15,266,44,2
38,1785,100000344,1598065251,1002.00,1003.00,0.00,0.00,667.88,667.73,5.23,5.05,10.00,0.00,1,20,95,62,2
39,1786,100000344,1598065301,1001.00,1001.00,0.00,0.00,646.12,646.07,7.57,7.31,15.00,0.00,2,20,145,19,2
40,1787,100000344,1598065398,1001.00,1002.00,11.69,12.44,519.64,519.44,10.14,9.78,20.00,0.00,3,20,242,62,2
41,1788,100000344,1598065459,790.00,790.00,0.00,0.00,329.41,329.17,12.08,12.72,25.00,0.00,4,6,304,45,2
42,1913,100000344,1598496325,0.00,0.00,25.54,26.32,0.00,0.00,12.18,11.61,10.00,50.00,1,20,89,40,1
43,2021,100000344,1598946696,0.00,0.00,27.70,27.74,0.00,0.00,11.22,10.83,15.00,60.00,1,25,151,84,1
44,2022,100000344,1598946899,0.00,0.00,27.42,27.82,0.00,0.00,14.96,14.83,15.00,50.00,2,25,355,141,1
45,2303,100000344,1599784048,0.00,0.00,17.72,19.22,0.00,0.00,10.70,11.24,25.00,70.00,1,20,140,93,1
46,2304,100000344,1599784123,0.00,0.00,20.51,20.66,0.00,0.00,13.50,13.28,30.00,60.00,2,15,215,39,1
47,2305,100000344,1599784220,0.00,0.00,25.83,28.89,0.00,0.00,16.99,19.07,35.00,45.00,3,12,312,65,1
48,2306,100000344,1599784312,0.00,0.00,30.01,31.61,0.00,0.00,20.62,22.03,35.00,40.00,4,10,404,61,1
49,2307,100000344,1599784389,0.00,0.00,30.06,32.11,0.00,0.00,22.20,24.25,45.00,30.00,5,8,481,44,1
50,2308,100000344,1599784474,0.00,0.00,31.80,33.01,0.00,0.00,25.19,26.79,45.00,25.00,6,6,566,61,1
51,2309,100000344,1599784553,0.00,0.00,30.15,34.15,0.00,0.00,22.32,25.29,50.00,20.00,7,3,645,60,1
52,2757,100000344,1600910934,0.00,0.00,9.16,10.12,0.00,0.00,7.25,7.87,15.00,70.00,1,20,137,44,1
53,2758,100000344,1600911068,0.00,0.00,10.60,8.84,0.00,0.00,8.24,6.79,15.00,70.00,2,14,270,67,1
54,2759,100000344,1600911139,0.00,0.00,10.20,8.92,0.00,0.00,8.10,6.94,15.00,70.00,3,14,342,5,1
55,2760,100000344,1600911252,0.00,0.00,15.99,17.35,0.00,0.00,10.29,10.81,20.00,70.00,4,15,455,58,1
56,2810,100000344,1600995207,0.00,0.00,8.60,8.93,0.00,0.00,5.64,5.51,10.00,70.00,2,30,102,7,2
57,2811,100000344,1600995348,0.00,0.00,12.17,14.01,0.00,0.00,8.21,7.92,15.00,70.00,3,21,243,105,2
58,2812,100000344,1600995410,0.00,0.00,13.94,16.38,0.00,0.00,9.68,9.95,20.00,70.00,4,13,305,31,2
59,2813,100000344,1600995532,0.00,0.00,12.64,15.03,0.00,0.00,9.03,9.21,17.00,70.00,5,16,427,94,2
60,2814,100000344,1600995675,0.00,0.00,13.04,12.07,0.00,0.00,8.49,7.93,15.00,70.00,1,20,135,102,2
61,2907,100000344,1601337622,0.00,0.00,13.51,14.11,0.00,0.00,9.82,10.09,20.00,70.00,1,20,97,49,1
62,2908,100000344,1601337762,0.00,0.00,16.17,17.67,0.00,0.00,11.83,12.70,25.00,70.00,2,30,237,76,1
63,2909,100000344,1601337913,0.00,0.00,19.94,19.44,0.00,0.00,15.13,14.43,30.00,70.00,3,30,388,77,1
64,3547,100000344,1602285790,0.00,0.00,13.03,13.20,0.00,0.00,9.98,9.99,20.00,60.00,1,30,130,53,1
65,3548,100000344,1602285938,0.00,0.00,14.22,14.32,0.00,0.00,11.08,11.11,23.00,60.00,2,31,278,74,1
66,3549,100000344,1602286097,0.00,0.00,15.55,16.33,0.00,0.00,12.38,12.38,25.00,60.00,3,30,436,85,1
67,4610,100000344,1603407885,0.00,0.00,27.22,27.87,0.00,0.00,13.29,13.58,10.00,40.00,1,34,226,158,1
68,4611,100000344,1603408136,0.00,0.00,20.67,21.54,0.00,0.00,12.00,12.39,15.00,50.00,2,6,476,234,1
69,4612,100000344,1603408377,0.00,0.00,19.89,21.62,0.00,0.00,11.62,12.46,20.00,60.00,3,21,717,210,1
70,4613,100000344,1603408616,0.00,0.00,23.77,24.11,0.00,0.00,13.27,13.15,25.00,70.00,4,41,957,171,1
71,4614,100000344,1603408865,0.00,0.00,13.51,12.71,0.00,0.00,8.33,7.90,15.00,70.00,1,27,108,68,2
72,4615,100000344,1603408971,0.00,0.00,18.90,14.55,0.00,0.00,10.25,9.95,20.00,70.00,2,20,215,68,2
73,4616,100000344,1603409107,0.00,0.00,3.96,12.34,0.00,0.00,1.56,6.92,22.00,70.00,3,3,351,121,2
74,4617,100000344,1603409146,0.00,0.00,16.13,15.95,0.00,0.00,10.83,10.88,22.00,70.00,4,13,389,8,2
75,4618,100000344,1603409179,0.00,0.00,0.67,14.56,0.00,0.00,-2.25,13.24,10.00,40.00,1,1,11,5,5
76,4619,100000344,1603409203,0.00,0.00,15.44,14.70,0.00,0.00,7.31,8.32,10.00,40.00,2,2,34,12,5
77,4620,100000344,1603409267,0.00,0.00,9.57,10.15,0.00,0.00,4.46,4.97,10.00,40.00,3,21,99,6,5
78,4621,100000344,1603409370,0.00,0.00,5.96,5.84,0.00,0.00,3.55,3.42,15.00,40.00,1,22,84,21,5
79,4622,100000344,1603409522,0.00,0.00,11.55,10.82,0.00,0.00,5.99,5.80,20.00,70.00,2,4,235,113,5
80,5110,100000344,1603935666,0.00,0.00,15.95,15.93,0.00,0.00,12.42,12.41,25.00,70.00,1,30,111,44,1
81,5111,100000344,1603935877,894.00,894.00,0.00,0.00,415.62,415.30,17.15,17.02,35.00,0.00,1,20,132,90,1
82,5112,100000344,1603936029,920.00,920.00,0.00,0.00,430.58,430.23,17.41,20.80,40.00,0.00,2,12,283,125,1
83,5113,100000344,1603936180,777.00,777.00,0.00,0.00,342.12,342.16,18.68,23.63,45.00,0.00,3,10,435,125,1
84,5114,100000344,1603936319,704.00,705.00,0.00,0.00,229.36,229.30,20.74,23.79,50.00,0.00,4,5,574,120,1
85,5115,100000344,1603936481,681.00,681.00,0.00,0.00,359.50,359.21,9.66,10.00,20.00,0.00,5,20,735,120,1
86,5316,100000344,1604444723,0.00,0.00,11.59,10.43,0.00,0.00,6.11,5.86,10.00,40.00,1,20,81,23,1
87,14071,100000344,1616148747,674.00,674.00,0.00,0.00,325.55,325.19,5.13,4.95,10.00,0.00,1,36,380,312,1
88,14072,100000344,1616149062,667.00,666.00,0.00,0.00,349.06,348.54,7.98,7.11,15.00,0.00,2,30,696,268,1
89,14117,100000344,1616213438,796.00,796.00,0.00,0.00,364.56,364.16,10.16,9.51,20.00,0.00,1,15,69,35,1
90,14118,100000344,1616213502,708.00,708.00,0.00,0.00,349.10,348.67,10.30,9.31,20.00,0.00,2,15,133,30,1
91,14119,100000344,1616213577,578.00,578.00,0.00,0.00,280.37,279.89,9.88,9.97,20.00,0.00,3,22,208,32,1
92,14120,100000344,1616213657,653.00,653.00,0.00,0.00,286.00,285.60,7.54,7.49,15.00,0.00,4,24,288,30,1
93,14164,100000344,1616380351,579.00,579.00,0.00,0.00,245.02,244.74,9.79,10.15,20.00,0.00,1,35,147,45,1
94,14165,100000344,1616380471,587.00,586.00,0.00,0.00,264.89,264.59,12.27,12.41,25.00,0.00,2,28,268,48,1
95,14342,100000344,1616539573,544.00,544.00,0.00,0.00,252.60,252.20,7.38,7.69,15.00,0.00,1,25,96,35,1
96,14344,100000344,1616539653,589.00,589.00,0.00,0.00,261.54,261.26,14.51,14.62,30.00,0.00,2,15,175,38,1
97,14703,100000344,1616975041,0.00,0.00,7.54,6.51,0.00,0.00,5.61,4.42,10.00,70.00,1,15,59,19,1
98,14704,100000344,1616975097,0.00,0.00,16.10,15.57,0.00,0.00,10.21,9.50,20.00,70.00,2,15,115,20,1
99,14705,100000344,1616975170,0.00,0.00,20.07,23.71,0.00,0.00,12.98,15.74,30.00,70.00,3,10,188,51,1
100,14706,100000344,1616975389,173.00,172.00,0.00,0.00,95.88,95.63,4.78,5.19,35.00,0.00,1,1,71,63,1
101,14707,100000344,1616975403,238.00,238.00,0.00,0.00,151.82,151.65,10.81,12.76,35.00,0.00,2,1,85,4,1
102,14708,100000344,1616975438,762.00,761.00,0.00,0.00,362.05,361.58,16.25,17.36,35.00,0.00,3,12,120,8,1
103,14709,100000344,1616975529,599.00,599.00,0.00,0.00,298.56,298.30,10.73,12.18,23.00,0.00,4,24,211,37,1
104,15038,100000344,1617244083,0.00,0.00,9.99,11.65,0.00,0.00,7.07,8.01,15.00,70.00,1,29,81,22,1
105,15039,100000344,1617244177,0.00,0.00,12.15,13.74,0.00,0.00,8.52,9.17,17.00,70.00,2,26,175,44,1
106,15041,100000344,1617244314,0.00,0.00,13.52,13.08,0.00,0.00,9.33,9.51,19.00,70.00,3,18,312,95,1
107,15135,100000344,1617320094,0.00,0.00,9.86,9.72,0.00,0.00,7.59,7.37,15.00,70.00,1,10,62,34,1
108,15136,100000344,1617320173,0.00,0.00,11.95,12.82,0.00,0.00,8.89,9.17,18.00,70.00,2,26,141,18,1
109,15137,100000344,1617320248,0.00,0.00,13.24,14.42,0.00,0.00,10.27,10.60,21.00,70.00,3,21,217,23,1
110,15234,100000344,1617492251,0.00,0.00,10.66,10.33,0.00,0.00,7.70,7.25,15.00,70.00,1,20,60,22,1
111,15235,100000344,1617492288,0.00,0.00,15.64,15.42,0.00,0.00,11.22,11.26,25.00,70.00,2,4,97,23,1
112,15236,100000344,1617492330,0.00,0.00,18.38,18.34,0.00,0.00,13.18,13.13,30.00,70.00,3,4,139,28,1
113,15237,100000344,1617492363,0.00,0.00,21.25,20.89,0.00,0.00,15.31,15.09,35.00,70.00,4,4,172,19,1
114,15238,100000344,1617492395,0.00,0.00,24.90,23.82,0.00,0.00,17.15,16.38,40.00,70.00,5,4,204,19,1
115,15239,100000344,1617492433,0.00,0.00,27.36,25.64,0.00,0.00,18.51,18.16,45.00,70.00,6,4,242,25,1
116,15594,100000344,1617923527,888.00,889.00,0.00,0.00,457.21,456.72,6.91,8.10,15.00,0.00,1,20,60,25,1
117,15595,100000344,1617923574,816.00,817.00,0.00,0.00,384.11,383.81,7.22,7.85,15.00,0.00,2,21,107,7,1
118,15596,100000344,1617923909,697.00,697.00,0.00,0.00,370.79,370.53,7.23,7.75,15.00,0.00,3,30,442,284,1
119,15752,100000344,1618272440,869.00,869.00,0.00,0.00,453.34,453.03,4.57,4.62,10.00,0.00,1,5,41,29,1
120,15753,100000344,1618272510,855.00,854.00,0.00,0.00,434.36,434.07,7.30,7.68,15.00,0.00,2,40,111,13,1
121,15754,100000344,1618272562,827.00,827.00,0.00,0.00,433.02,432.62,8.87,10.55,20.00,0.00,3,21,164,20,1
122,15755,100000344,1618272634,637.00,637.00,0.00,0.00,347.95,347.48,14.61,14.28,30.00,0.00,4,16,235,44,1
123,15756,100000344,1618272702,233.00,234.00,0.00,0.00,125.05,125.36,11.12,10.68,40.00,0.00,5,1,303,59,1
124,15757,100000344,1618272733,561.00,561.00,0.00,0.00,273.52,273.36,17.11,20.31,40.00,0.00,6,11,335,9,1
125,16199,100000344,1618991300,0.00,0.00,38.47,41.15,0.00,0.00,21.29,22.33,13.00,35.00,1,11,47,20,1
126,16200,100000344,1618991354,0.00,0.00,19.59,22.50,0.00,0.00,11.30,12.81,13.00,35.00,2,20,101,5,1
127,16201,100000344,1618991463,0.00,0.00,18.84,21.36,0.00,0.00,10.55,12.05,15.00,40.00,3,20,210,61,1
128,17226,100000344,1620443869,0.00,0.00,10.74,12.05,0.00,0.00,8.06,7.85,15.00,50.00,1,20,65,24,1
129,17227,100000344,1620443952,0.00,0.00,9.55,11.02,0.00,0.00,7.06,7.96,15.00,70.00,2,20,148,44,1
130,18095,100000344,1621397564,1002.00,1002.00,0.00,0.00,531.21,530.98,10.15,9.80,20.00,0.00,1,20,52,14,2
131,18096,100000344,1621397726,1003.00,1004.00,0.00,0.00,684.62,684.47,9.28,8.79,17.00,0.00,2,20,214,130,2
132,18097,100000344,1621397894,1003.00,1003.00,0.00,0.00,705.80,705.50,9.07,8.89,17.00,0.00,3,20,382,132,2
133,18442,100000344,1621848970,674.00,674.00,0.00,0.00,339.62,339.38,11.31,13.47,25.00,0.00,1,30,183,131,1
134,18443,100000344,1621849003,703.00,702.00,0.00,0.00,378.50,378.37,12.01,11.61,25.00,0.00,2,7,216,13,1
135,19339,100000344,1622631883,731.00,730.00,0.00,0.00,365.68,365.25,4.98,5.10,10.00,0.00,1,35,83,25,1
136,19341,100000344,1622631957,715.00,715.00,0.00,0.00,273.41,273.08,5.14,4.94,10.00,0.00,2,35,157,6,1
137,19659,100000344,1622869505,0.00,0.00,14.69,13.69,0.00,0.00,9.96,9.03,10.00,30.00,1,6,32,16,1
138,19660,100000344,1622869541,0.00,0.00,7.36,7.31,0.00,0.00,5.53,5.19,10.00,30.00,2,12,68,6,1
139,19661,100000344,1622869573,0.00,0.00,10.19,10.11,0.00,0.00,7.00,6.40,10.00,30.00,3,10,100,11,1
140,20129,100000344,1623395201,695.00,695.00,0.00,0.00,297.83,297.51,4.90,5.15,10.00,0.00,1,41,108,34,1
141,20807,100000344,1624081630,803.00,803.00,0.00,0.00,357.88,357.50,7.81,7.34,15.00,0.00,1,25,58,13,1
142,20808,100000344,1624081694,707.00,706.00,0.00,0.00,378.08,377.76,9.92,9.93,20.00,0.00,2,17,122,32,1
143,20934,100000344,1624355197,684.00,684.00,0.00,0.00,356.54,356.22,7.78,7.28,15.00,0.00,1,20,87,47,1
144,20935,100000344,1624355284,646.00,646.00,0.00,0.00,349.04,348.63,10.02,9.62,20.00,0.00,2,16,173,53,1
145,21218,100000344,1624581442,606.00,605.00,0.00,0.00,310.41,310.06,5.10,4.92,10.00,0.00,1,25,284,242,1
146,21219,100000344,1624581506,584.00,583.00,0.00,0.00,301.37,300.95,7.32,7.81,15.00,0.00,2,21,349,28,1
147,21220,100000344,1624581570,405.00,405.00,0.00,0.00,198.22,197.84,9.62,10.01,20.00,0.00,3,12,412,39,1
148,21381,100000344,1624872397,615.00,615.00,0.00,0.00,311.74,311.23,6.48,6.60,13.00,0.00,1,33,133,82,1
149,21382,100000344,1624872463,730.00,730.00,0.00,0.00,345.78,345.43,9.79,9.49,20.00,0.00,2,15,199,36,1
150,21383,100000344,1624872534,617.00,616.00,0.00,0.00,327.93,327.46,11.70,12.27,25.00,0.00,3,13,271,48,1
151,21384,100000344,1624872623,0.00,0.00,21.08,21.76,0.00,0.00,14.24,15.09,20.00,20.00,1,12,81,53,1
152,21745,100000344,1625283669,636.00,636.00,0.00,0.00,294.55,294.33,4.93,5.11,10.00,0.00,1,25,208,169,1
153,21746,100000344,1625283865,539.00,539.00,0.00,0.00,259.13,258.90,7.03,7.98,15.00,0.00,2,10,404,175,1
154,21747,100000344,1625283899,611.00,611.00,0.00,0.00,325.97,325.48,6.74,8.24,15.00,0.00,3,11,438,13,1
155,22168,100000344,1625877770,497.00,498.00,0.00,0.00,244.49,244.10,9.82,11.24,21.00,0.00,1,43,121,67,1
156,22169,100000344,1625877873,538.00,538.00,0.00,0.00,250.35,249.96,4.75,5.38,10.00,0.00,2,42,224,47,1
157,22582,100000344,1626421350,605.00,605.00,0.00,0.00,312.31,311.89,4.97,4.98,10.00,0.00,1,42,99,49,1
158,23145,100000344,1627195466,630.00,631.00,0.00,0.00,264.57,264.14,5.47,4.64,10.00,0.00,1,90,309,203,1
159,23486,100000344,1627706186,0.00,0.00,23.05,24.23,0.00,0.00,11.73,11.94,10.00,40.00,1,6,30,7,1
160,23487,100000344,1627706231,0.00,0.00,10.24,9.26,0.00,0.00,5.62,5.01,10.00,40.00,2,3,75,34,1
161,23488,100000344,1627706291,0.00,0.00,8.60,8.52,0.00,0.00,5.54,5.07,10.00,40.00,3,14,135,17,1
162,23489,100000344,1627706381,0.00,0.00,7.48,7.86,0.00,0.00,5.35,5.32,10.00,40.00,4,20,225,51,1
163,23490,100000344,1627706413,0.00,0.00,18.58,15.94,0.00,0.00,11.29,10.63,10.00,40.00,1,3,23,12,2
164,23491,100000344,1627706463,0.00,0.00,9.25,8.82,0.00,0.00,5.93,6.10,10.00,60.00,2,15,73,20,2
165,23492,100000344,1627706500,0.00,0.00,8.83,8.59,0.00,0.00,6.41,6.11,10.00,60.00,3,15,110,7,2
166,23883,100000344,1628649258,0.00,0.00,9.72,10.15,0.00,0.00,6.06,5.97,10.00,70.00,1,15,48,16,2
167,23884,100000344,1628649330,949.00,826.00,0.00,0.00,516.62,498.82,9.93,10.09,20.00,0.00,1,21,45,9,2
168,27328,100000344,1634527405,1004.00,1004.00,0.00,0.00,451.71,451.62,8.19,4.56,10.00,0.00,1,6,92,69,3
169,27329,100000344,1634527437,999.00,998.00,0.00,0.00,462.77,462.62,5.43,4.82,10.00,0.00,2,5,124,20,3
170,27330,100000344,1634527531,608.00,606.00,0.00,0.00,360.00,359.50,5.27,4.78,10.00,0.00,1,2,35,26,6
171,27331,100000344,1634527631,1001.00,1002.00,0.00,0.00,450.49,450.24,4.79,4.99,10.00,0.00,1,4,29,17,2
172,27332,100000344,1634527770,565.00,564.00,0.00,0.00,260.56,260.52,5.40,4.91,10.00,0.00,1,3,56,44,1
173,27666,100000344,1634881435,603.00,560.00,0.00,0.00,230.43,228.14,11.92,11.87,25.00,0.00,1,15,78,28,1
174,27667,100000344,1634881517,551.00,590.00,0.00,0.00,244.24,233.63,16.29,15.92,35.00,0.00,2,13,161,42,1
175,27668,100000344,1634881611,0.00,0.00,18.21,17.48,0.00,0.00,10.20,10.24,15.00,35.00,1,12,83,45,1
176,27767,100000344,1634947507,733.00,733.00,0.00,0.00,353.12,352.81,4.86,4.94,10.00,0.00,1,30,75,9,1
177,27768,100000344,1634947628,726.00,726.00,0.00,0.00,369.57,369.13,7.68,7.06,15.00,0.00,2,20,197,78,1
178,37553,100000344,1648689587,640.00,639.00,0.00,0.00,281.40,281.10,4.89,5.32,10.00,0.00,2,7,42,7,2
179,37554,100000344,1648689663,1001.00,1002.00,0.00,0.00,575.47,575.28,4.86,5.05,10.00,0.00,3,30,119,23,2
180,37555,100000344,1648689764,1000.00,1001.00,0.00,0.00,561.09,560.92,6.56,6.45,13.00,0.00,5,30,220,34,2
181,37556,100000344,1648689854,1001.00,1001.00,0.00,0.00,448.08,447.88,7.22,7.40,15.00,0.00,6,25,309,44,2
182,38742,100000344,1650279183,602.00,602.00,0.00,0.00,299.79,299.63,9.47,10.28,20.00,0.00,2,15,61,4,1
183,38743,100000344,1650279246,0.00,0.00,26.04,25.48,0.00,0.00,17.81,17.31,25.00,25.00,1,15,57,14,1
184,38744,100000344,1650279311,0.00,0.00,29.12,29.70,0.00,0.00,22.84,23.08,20.00,20.00,1,24,57,21,1
185,42152,100000344,1653894617,682.00,682.00,0.00,0.00,259.74,259.49,6.16,5.82,12.00,0.00,1,13,46,14,4
186,42153,100000344,1653894697,744.00,744.00,0.00,0.00,243.74,243.58,4.67,5.29,10.00,0.00,2,6,126,61,4
187,45253,100000344,1656573525,1004.00,1003.00,0.00,0.00,375.02,374.74,6.09,5.67,10.00,0.00,1,5,29,8,6
188,45254,100000344,1656573551,806.00,806.00,0.00,0.00,355.31,355.31,5.45,4.62,10.00,0.00,2,5,55,11,6
189,45255,100000344,1656573582,716.00,717.00,0.00,0.00,238.56,238.26,5.40,4.79,10.00,0.00,3,6,86,7,6
190,45256,100000344,1656573641,1002.00,1002.00,0.00,0.00,496.66,496.32,5.78,4.70,10.00,0.00,4,15,145,25,6
191,45257,100000344,1656573728,1002.00,1002.00,0.00,0.00,520.65,520.49,5.70,5.05,10.00,0.00,5,15,232,54,6
192,45258,100000344,1656573815,1001.00,1001.00,0.00,0.00,554.46,554.14,5.08,5.10,10.00,0.00,6,15,320,58,6
193,45261,100000344,1656574833,1002.00,1001.00,0.00,0.00,360.03,359.71,4.34,6.12,10.00,0.00,1,3,23,5,2
194,45262,100000344,1656574982,982.00,983.00,0.00,0.00,405.96,405.62,4.67,5.41,10.00,0.00,1,15,118,39,2
195,45263,100000344,1656575097,1000.00,1001.00,0.00,0.00,530.47,530.12,7.50,7.51,15.00,0.00,3,15,233,40,2
196,45264,100000344,1656575206,999.00,999.00,0.00,0.00,474.05,473.91,9.69,10.06,20.00,0.00,4,15,342,65,2
197,47812,100000344,1659141100,833.00,833.00,0.00,0.00,364.78,364.46,10.44,9.28,20.00,0.00,2,30,138,63,1
198,50325,100000344,1661577898,866.00,866.00,0.00,0.00,389.59,389.17,5.01,5.13,10.00,0.00,1,41,110,44,1
199,52408,100000344,1663117149,956.00,956.00,0.00,0.00,504.60,504.28,7.66,7.37,15.00,0.00,1,16,62,29,2
200,52409,100000344,1663117295,984.00,984.00,0.00,0.00,464.64,464.53,9.20,8.79,18.00,0.00,3,15,209,23,2
201,52410,100000344,1663117358,783.00,783.00,0.00,0.00,392.12,392.12,9.01,8.86,20.00,0.00,4,3,271,49,2
202,52411,100000344,1663117476,913.00,913.00,0.00,0.00,529.48,529.21,7.68,7.26,15.00,0.00,6,20,389,65,2
203,52412,100000344,1663117538,1003.00,1003.00,0.00,0.00,553.17,552.85,5.17,6.33,10.00,0.00,1,11,31,4,2
204,52413,100000344,1663117604,1003.00,1003.00,0.00,0.00,589.70,589.53,7.75,7.60,15.00,0.00,3,15,96,1,2
205,52414,100000344,1663117650,1004.00,1004.00,0.00,0.00,636.38,635.96,10.14,12.62,15.00,0.00,4,15,143,18,2
206,52415,100000344,1663117689,970.00,971.00,0.00,0.00,546.86,546.81,7.57,7.33,15.00,0.00,5,15,182,12,2
207,52416,100000344,1663117750,944.00,944.00,0.00,0.00,509.12,509.07,7.37,7.37,15.00,0.00,6,15,243,30,2
208,52417,100000344,1663117824,933.00,933.00,0.00,0.00,520.08,519.95,7.58,7.18,15.00,0.00,7,20,316,41,2
209,53376,100000344,1663660626,1003.00,1002.00,0.00,0.00,472.91,472.63,8.71,9.52,15.00,0.00,1,7,43,17,2
210,53377,100000344,1663660670,1003.00,1003.00,0.00,0.00,580.18,580.02,7.56,8.06,15.00,0.00,2,15,87,9,2
211,53378,100000344,1663660762,1003.00,1003.00,0.00,0.00,655.53,655.43,7.86,8.00,15.00,0.00,3,15,179,61,2
212,53379,100000344,1663660847,1003.00,1003.00,0.00,0.00,705.38,705.31,8.07,8.07,15.00,0.00,4,15,264,54,2
213,54385,100000344,1664494750,1003.00,1003.00,0.00,0.00,573.39,573.13,7.40,7.79,15.00,0.00,1,20,88,43,2
214,54386,100000344,1664494877,1002.00,1003.00,0.00,0.00,630.29,630.08,7.62,7.52,15.00,0.00,2,16,215,96,2
215,54387,100000344,1664494999,1003.00,1003.00,0.00,0.00,603.01,602.71,7.39,7.44,15.00,0.00,3,20,337,80,2
216,54628,100000344,1664774876,1003.00,1003.00,0.00,0.00,676.99,676.70,4.99,5.37,10.00,0.00,1,20,115,76,2
217,54629,100000344,1664774944,1003.00,1003.00,0.00,0.00,718.43,718.29,5.38,5.48,10.00,0.00,2,20,182,30,2
218,54630,100000344,1664775011,1003.00,1003.00,0.00,0.00,710.34,710.12,5.19,5.56,10.00,0.00,3,20,249,29,2
219,54631,100000344,1664775078,1002.00,1003.00,0.00,0.00,673.82,673.62,5.20,5.15,10.00,0.00,4,20,317,30,2
220,54632,100000344,1664775153,1003.00,1003.00,0.00,0.00,645.47,645.31,4.80,5.25,10.00,0.00,5,20,392,37,2
221,54999,100000344,1665100303,1003.00,1003.00,0.00,0.00,474.52,474.26,7.66,7.96,15.00,0.00,2,20,102,17,2
222,55000,100000344,1665100593,1002.00,1003.00,0.00,0.00,527.58,527.36,10.01,10.17,20.00,0.00,3,23,393,244,2
223,55001,100000344,1665100664,921.00,922.00,0.00,0.00,422.50,422.30,8.68,9.13,18.00,0.00,4,15,464,38,2
224,56674,100000344,1666689681,1002.00,1004.00,0.00,0.00,668.69,668.43,5.17,5.13,10.00,0.00,1,31,68,11,2
225,56675,100000344,1666689767,972.00,972.00,0.00,0.00,452.34,452.31,8.39,8.27,17.00,0.00,1,6,28,11,2
226,56676,100000344,1666689807,605.00,605.00,0.00,0.00,335.74,335.63,8.34,8.31,17.00,0.00,2,6,68,18,2
227,56677,100000344,1666689849,820.00,820.00,0.00,0.00,499.50,499.54,8.38,8.32,17.00,0.00,3,6,110,20,2
228,56678,100000344,1666689890,893.00,893.00,0.00,0.00,504.04,503.89,8.47,8.34,17.00,0.00,4,6,151,19,2
229,56679,100000344,1666689934,870.00,870.00,0.00,0.00,457.86,457.97,8.37,8.44,17.00,0.00,5,6,196,20,2
230,56680,100000344,1666689982,942.00,942.00,0.00,0.00,499.12,499.17,8.46,8.26,17.00,0.00,6,6,243,25,2
231,57523,100000344,1667377593,970.00,970.00,0.00,0.00,339.49,339.12,4.82,5.32,10.00,0.00,1,10,41,18,2
232,57524,100000344,1667377641,1003.00,1003.00,0.00,0.00,544.56,544.36,7.88,7.29,15.00,0.00,2,15,89,16,2
233,57526,100000344,1667377720,1003.00,1003.00,0.00,0.00,592.99,592.84,5.55,5.14,10.00,0.00,3,17,168,40,2
234,59351,100000344,1668652724,781.00,780.00,0.00,0.00,412.64,412.37,7.64,7.46,15.00,0.00,1,20,42,16,3
235,59352,100000344,1668652780,702.00,702.00,0.00,0.00,394.48,394.30,8.06,7.63,16.00,0.00,2,20,98,28,3
236,59353,100000344,1668652850,635.00,636.00,0.00,0.00,387.04,387.00,8.86,8.26,17.00,0.00,3,20,168,45,3
237,59354,100000344,1668652920,599.00,598.00,0.00,0.00,342.83,342.64,9.37,8.52,18.00,0.00,4,20,238,45,3
238,59355,100000344,1668652989,523.00,524.00,0.00,0.00,317.03,316.71,9.73,9.21,19.00,0.00,5,20,307,45,3
239,59522,100000344,1668737158,1003.00,1003.00,0.00,0.00,659.01,658.90,5.11,5.25,10.00,0.00,1,20,66,30,2
240,59523,100000344,1668737216,0.00,0.00,11.43,11.97,0.00,0.00,8.13,8.71,15.00,25.00,1,8,50,18,2
241,59524,100000344,1668737453,0.00,0.00,41.72,39.77,0.00,0.00,21.40,20.54,10.00,20.00,1,5,44,7,2
242,59525,100000344,1668737752,0.00,0.00,14.21,14.72,0.00,0.00,9.98,10.45,17.00,30.00,1,10,63,17,2
243,59526,100000344,1668737908,0.00,0.00,15.07,15.42,0.00,0.00,10.24,10.26,17.00,30.00,2,15,219,92,2
244,59527,100000344,1668738089,0.00,0.00,16.28,16.52,0.00,0.00,10.14,10.27,15.00,20.00,3,15,399,120,2
245,63253,100000344,1671091660,0.00,0.00,15.20,16.08,0.00,0.00,9.91,10.38,15.00,25.00,1,15,163,100,2
246,63254,100000344,1671091792,0.00,0.00,13.63,14.28,0.00,0.00,9.98,10.25,15.00,25.00,2,15,295,72,2
247,63255,100000344,1671091934,0.00,0.00,13.41,13.26,0.00,0.00,9.59,9.45,15.00,25.00,3,15,437,93,2
248,63256,100000344,1671092121,0.00,0.00,12.96,13.34,0.00,0.00,9.13,9.12,15.00,20.00,4,15,624,133,2
249,63257,100000344,1671092288,0.00,0.00,12.92,13.52,0.00,0.00,9.51,9.38,15.00,20.00,5,15,791,111,2
250,63570,100000344,1671250104,0.00,0.00,11.85,12.56,0.00,0.00,8.84,9.29,15.00,30.00,1,20,118,64,2
251,63571,100000344,1671250176,0.00,0.00,14.38,15.30,0.00,0.00,8.64,9.02,15.00,25.00,2,15,189,29,2
252,63572,100000344,1671250307,0.00,0.00,14.84,16.11,0.00,0.00,9.42,9.56,15.00,20.00,3,15,319,77,2
253,63573,100000344,1671250388,0.00,0.00,17.62,17.09,0.00,0.00,9.80,9.72,15.00,20.00,4,15,401,29,2
254,63574,100000344,1671250473,0.00,0.00,12.60,13.45,0.00,0.00,8.42,8.46,15.00,20.00,5,16,486,31,2
255,63777,100000344,1671417735,0.00,0.00,13.15,13.63,0.00,0.00,10.09,10.67,20.00,30.00,1,13,152,88,2
256,63778,100000344,1671417829,0.00,0.00,12.47,13.72,0.00,0.00,7.48,7.85,10.00,25.00,2,15,246,26,2
257,63779,100000344,1671417918,0.00,0.00,10.09,12.64,0.00,0.00,7.80,8.16,15.00,25.00,3,16,335,21,2
258,63780,100000344,1671418006,0.00,0.00,8.81,10.72,0.00,0.00,6.94,7.03,13.00,30.00,4,16,422,24,2
259,63781,100000344,1671418097,0.00,0.00,9.19,10.28,0.00,0.00,6.86,6.96,13.00,30.00,5,17,513,26,2
260,63782,100000344,1671418187,0.00,0.00,10.66,14.45,0.00,0.00,6.64,7.16,13.00,30.00,6,19,603,24,2
261,63783,100000344,1671418278,0.00,0.00,9.64,10.68,0.00,0.00,6.89,7.01,13.00,30.00,7,20,694,24,2
262,63784,100000344,1671418367,0.00,0.00,9.01,10.08,0.00,0.00,6.94,7.03,13.00,30.00,8,21,784,25,2
263,63785,100000344,1671418457,0.00,0.00,10.54,11.02,0.00,0.00,6.95,7.05,13.00,30.00,9,20,874,25,2
264,63786,100000344,1671418548,0.00,0.00,10.56,11.13,0.00,0.00,7.07,7.16,13.00,30.00,10,20,965,25,2
265,63842,100000344,1671434407,1001.00,1001.00,0.00,0.00,463.78,463.55,5.06,4.88,10.00,0.00,1,27,290,225,6
266,63846,100000344,1671434497,1000.00,1000.00,0.00,0.00,379.08,378.80,4.99,4.90,10.00,0.00,2,24,379,24,6
267,63849,100000344,1671434586,881.00,881.00,0.00,0.00,281.30,281.13,5.97,6.05,12.00,0.00,3,18,469,32,6
268,63850,100000344,1671434638,679.00,679.00,0.00,0.00,256.00,255.67,4.89,4.99,10.00,0.00,4,9,520,27,6
269,63852,100000344,1671434677,824.00,824.00,0.00,0.00,300.45,300.26,4.70,5.21,10.00,0.00,5,11,559,6,6
270,63854,100000344,1671434767,846.00,847.00,0.00,0.00,311.09,310.87,4.85,4.93,10.00,0.00,6,21,649,27,6
271,63857,100000344,1671434858,937.00,938.00,0.00,0.00,350.58,350.50,5.25,4.78,10.00,0.00,7,29,741,27,6
272,63858,100000344,1671434947,937.00,937.00,0.00,0.00,325.45,325.15,4.70,4.89,10.00,0.00,8,21,830,24,6
273,63860,100000344,1671435038,926.00,926.00,0.00,0.00,349.06,349.01,4.33,5.79,10.00,0.00,9,46,920,26,6
274,63861,100000344,1671435128,1000.00,1000.00,0.00,0.00,332.43,332.35,4.59,5.34,10.00,0.00,10,36,1010,25,6
275,63862,100000344,1671435218,985.00,985.00,0.00,0.00,370.65,370.61,4.53,5.49,10.00,0.00,11,41,1101,25,6
276,66438,100000344,1673155312,668.00,668.00,0.00,0.00,370.16,369.82,12.44,12.35,25.00,0.00,1,15,514,465,2
277,66439,100000344,1673155374,795.00,795.00,0.00,0.00,371.78,371.50,11.99,12.14,25.00,0.00,2,10,577,32,2
278,66440,100000344,1673155440,609.00,610.00,0.00,0.00,302.43,302.22,12.18,11.93,25.00,0.00,3,10,642,32,2
279,66441,100000344,1673155492,904.00,904.00,0.00,0.00,454.35,453.92,10.12,9.62,20.00,0.00,4,15,695,17,2
280,66442,100000344,1673155587,878.00,878.00,0.00,0.00,436.16,435.84,9.84,9.77,20.00,0.00,5,15,790,59,2
281,66443,100000344,1673155662,856.00,857.00,0.00,0.00,437.18,437.03,10.00,9.96,20.00,0.00,6,16,864,39,2
282,66444,100000344,1673155728,847.00,847.00,0.00,0.00,518.66,518.50,7.72,7.40,15.00,0.00,7,20,931,28,2
283,66531,100000344,1673255800,828.00,829.00,0.00,0.00,495.84,495.55,9.91,9.93,20.00,0.00,1,20,141,101,2
284,66532,100000344,1673255896,899.00,900.00,0.00,0.00,560.59,560.42,9.95,9.81,20.00,0.00,2,20,237,59,2
285,66533,100000344,1673255966,1002.00,1003.00,0.00,0.00,603.19,602.91,9.99,9.81,20.00,0.00,3,20,307,30,2
286,66534,100000344,1673256113,1002.00,1003.00,0.00,0.00,619.09,618.90,9.93,9.72,20.00,0.00,4,20,454,109,2
287,66535,100000344,1673256193,898.00,898.00,0.00,0.00,468.26,468.04,9.85,9.73,20.00,0.00,5,20,534,40,2
288,66536,100000344,1673256858,748.00,748.00,0.00,0.00,441.49,441.12,7.60,7.81,15.00,0.00,1,15,353,329,6
289,66537,100000344,1673257015,775.00,774.00,0.00,0.00,452.93,452.69,7.23,7.64,15.00,0.00,2,15,511,134,6
290,66538,100000344,1673257116,796.00,795.00,0.00,0.00,421.73,421.55,7.33,7.70,15.00,0.00,3,15,611,77,6
291,66539,100000344,1673257191,742.00,741.00,0.00,0.00,407.73,407.49,7.34,7.83,15.00,0.00,4,15,686,51,6
292,66540,100000344,1673257310,783.00,782.00,0.00,0.00,451.63,451.40,7.33,7.40,15.00,0.00,5,15,805,95,6
293,66541,100000344,1673257416,810.00,809.00,0.00,0.00,468.20,468.07,7.28,7.39,15.00,0.00,6,15,911,83,6
294,66644,100000344,1673348794,797.00,798.00,0.00,0.00,495.25,494.99,12.12,12.09,25.00,0.00,1,10,82,60,2
295,66645,100000344,1673348839,818.00,818.00,0.00,0.00,494.21,493.68,11.86,12.12,25.00,0.00,2,10,127,21,2
296,66646,100000344,1673348884,815.00,816.00,0.00,0.00,477.14,477.12,11.97,11.96,25.00,0.00,3,10,172,20,2
297,66647,100000344,1673348959,854.00,853.00,0.00,0.00,502.48,502.48,12.01,12.16,25.00,0.00,4,10,247,51,2
298,66648,100000344,1673349012,898.00,898.00,0.00,0.00,520.88,520.91,11.78,12.14,25.00,0.00,5,10,300,29,2
299,66649,100000344,1673349164,1002.00,1003.00,0.00,0.00,637.32,637.13,10.03,9.66,20.00,0.00,6,25,452,110,2
300,66650,100000344,1673349222,1001.00,1002.00,0.00,0.00,638.54,638.40,10.05,9.99,20.00,0.00,7,15,510,30,2
301,66651,100000344,1673349285,1003.00,1003.00,0.00,0.00,537.82,537.69,9.75,9.87,20.00,0.00,8,15,573,30,2
302,66652,100000344,1673349363,973.00,973.00,0.00,0.00,564.63,564.46,9.84,9.82,20.00,0.00,9,15,651,47,2
303,66653,100000344,1673349415,994.00,995.00,0.00,0.00,622.42,622.35,9.58,9.93,20.00,0.00,10,10,703,30,2
304,66654,100000344,1673349450,1002.00,1003.00,0.00,0.00,569.51,569.43,9.82,9.83,20.00,0.00,11,10,738,11,2
305,66655,100000344,1673349498,940.00,940.00,0.00,0.00,595.97,595.83,9.81,9.83,20.00,0.00,12,10,786,25,2
306,66656,100000344,1673350296,743.00,742.00,0.00,0.00,414.02,413.87,7.35,7.74,15.00,0.00,1,15,177,154,6
307,66657,100000344,1673350358,695.00,695.00,0.00,0.00,422.93,422.90,7.49,7.87,15.00,0.00,2,15,239,40,6
308,66658,100000344,1673350445,673.00,673.00,0.00,0.00,345.54,345.46,7.28,7.66,15.00,0.00,3,10,326,59,6
309,66659,100000344,1673350483,517.00,517.00,0.00,0.00,240.25,240.06,7.31,7.62,15.00,0.00,4,6,364,15,6
310,66708,100000344,1673426748,894.00,895.00,0.00,0.00,298.96,298.59,11.68,12.93,30.00,0.00,2,3,139,8,2
311,66710,100000344,1673426810,920.00,920.00,0.00,0.00,517.25,517.13,11.73,12.18,25.00,0.00,3,10,201,35,2
312,66711,100000344,1673426866,894.00,894.00,0.00,0.00,471.52,471.40,11.84,12.06,25.00,0.00,1,10,256,30,2
313,66712,100000344,1673426926,862.00,862.00,0.00,0.00,453.06,452.77,12.18,12.68,25.00,0.00,2,10,317,32,2
314,66713,100000344,1673426988,817.00,817.00,0.00,0.00,399.12,398.92,11.59,12.04,25.00,0.00,3,10,378,32,2
315,66714,100000344,1673427058,778.00,779.00,0.00,0.00,423.24,423.31,11.73,12.17,25.00,0.00,4,10,449,44,2
316,66715,100000344,1673427111,898.00,897.00,0.00,0.00,528.83,528.62,9.73,9.91,20.00,0.00,5,10,502,31,2
317,66716,100000344,1673427166,794.00,794.00,0.00,0.00,493.17,492.97,9.75,10.07,20.00,0.00,6,10,557,31,2
318,66717,100000344,1673427221,683.00,683.00,0.00,0.00,452.51,452.50,9.89,9.68,20.00,0.00,7,10,612,30,2
319,66718,100000344,1673427276,883.00,883.00,0.00,0.00,472.33,472.20,9.62,9.79,20.00,0.00,8,10,667,30,2
320,66719,100000344,1673427338,947.00,947.00,0.00,0.00,492.86,492.53,9.66,9.88,20.00,0.00,9,10,728,30,2
321,66720,100000344,1673428005,746.00,746.00,0.00,0.00,359.61,359.50,7.13,7.39,15.00,0.00,1,15,125,90,6
322,66721,100000344,1673428078,999.00,999.00,0.00,0.00,538.36,538.27,5.06,5.00,10.00,0.00,2,15,198,45,6
323,66722,100000344,1673428158,1002.00,1001.00,0.00,0.00,457.03,456.79,4.91,5.25,10.00,0.00,3,15,278,42,6
324,66848,100000344,1673519260,1003.00,1003.00,0.00,0.00,678.78,678.61,10.15,10.20,20.00,0.00,1,25,92,50,2
325,66849,100000344,1673519320,1003.00,1003.00,0.00,0.00,695.27,695.23,9.87,9.77,20.00,0.00,2,15,152,32,2
326,66850,100000344,1673519359,1003.00,1003.00,0.00,0.00,638.58,638.41,9.71,9.78,20.00,0.00,3,10,191,18,2
327,66851,100000344,1673519488,829.00,830.00,0.00,0.00,504.91,504.72,11.61,11.66,25.00,0.00,4,10,320,106,2
328,66852,100000344,1673519548,909.00,909.00,0.00,0.00,504.93,504.94,11.77,12.13,25.00,0.00,5,10,380,35,2
329,66853,100000344,1673519602,849.00,850.00,0.00,0.00,472.39,472.38,11.79,11.92,25.00,0.00,6,10,434,30,2
330,66854,100000344,1673519658,751.00,750.00,0.00,0.00,384.14,384.03,11.62,11.99,25.00,0.00,7,11,489,28,2
331,66855,100000344,1673519705,1002.00,1001.00,0.00,0.00,566.03,566.00,9.56,9.82,20.00,0.00,8,10,537,25,2
332,66856,100000344,1673519978,772.00,771.00,0.00,0.00,356.89,356.76,7.18,7.59,15.00,0.00,1,10,180,158,6
333,66857,100000344,1673520036,856.00,856.00,0.00,0.00,443.64,443.57,6.51,6.68,13.00,0.00,2,10,238,36,6
334,66859,100000344,1673520092,907.00,907.00,0.00,0.00,480.63,480.51,6.23,6.64,13.00,0.00,3,10,294,35,6
335,66963,100000344,1673600925,909.00,909.00,0.00,0.00,567.09,566.90,11.83,12.18,25.00,0.00,1,15,85,54,2
336,66964,100000344,1673600986,1002.00,1003.00,0.00,0.00,603.83,603.70,11.81,12.15,25.00,0.00,2,10,147,38,2
337,66965,100000344,1673601043,976.00,976.00,0.00,0.00,576.02,575.99,11.81,12.06,25.00,0.00,3,10,203,34,2
338,66966,100000344,1673601096,941.00,940.00,0.00,0.00,536.28,536.14,12.25,12.04,25.00,0.00,4,10,257,30,2
339,66967,100000344,1673601143,897.00,896.00,0.00,0.00,593.80,593.50,11.87,11.55,25.00,0.00,5,5,303,33,2
340,66968,100000344,1673601193,1002.00,1003.00,0.00,0.00,615.42,615.29,10.02,9.89,20.00,0.00,6,15,353,20,2
341,66969,100000344,1673601258,1002.00,1002.00,0.00,0.00,598.53,598.43,9.99,9.98,20.00,0.00,7,15,418,33,2
342,66970,100000344,1673601319,1004.00,1003.00,0.00,0.00,666.61,666.39,9.85,9.94,20.00,0.00,8,10,480,39,2
343,66971,100000344,1673601361,1002.00,1002.00,0.00,0.00,597.18,597.11,9.66,9.73,20.00,0.00,9,10,521,20,2
344,66972,100000344,1673601813,908.00,908.00,0.00,0.00,490.80,490.60,6.01,5.89,12.00,0.00,1,12,113,87,6
345,66973,100000344,1673601874,940.00,940.00,0.00,0.00,428.88,428.55,5.97,6.02,12.00,0.00,2,12,174,34,6
346,67050,100000344,1673673338,990.00,989.00,0.00,0.00,548.26,548.15,12.17,12.40,25.00,0.00,1,15,225,193,2
347,67051,100000344,1673673390,891.00,891.00,0.00,0.00,524.20,523.98,11.79,11.88,25.00,0.00,2,16,277,18,2
348,67052,100000344,1673673509,1001.00,1000.00,0.00,0.00,621.78,621.52,12.00,12.01,25.00,0.00,3,10,396,97,2
349,67053,100000344,1673673570,872.00,872.00,0.00,0.00,578.76,578.73,9.98,10.06,20.00,0.00,4,15,458,31,2
350,67054,100000344,1673673635,1003.00,1003.00,0.00,0.00,635.42,635.39,9.75,9.95,20.00,0.00,5,15,522,35,2
351,67055,100000344,1673673688,1002.00,1002.00,0.00,0.00,635.17,635.11,9.80,9.89,20.00,0.00,6,10,575,31,2
352,67056,100000344,1673673730,997.00,997.00,0.00,0.00,542.80,542.76,9.87,9.83,20.00,0.00,7,10,618,19,2
353,67057,100000344,1673674140,1000.00,999.00,0.00,0.00,513.30,512.91,5.94,6.10,12.00,0.00,1,12,250,226,6
354,67058,100000344,1673674200,985.00,984.00,0.00,0.00,476.92,476.78,6.17,5.94,12.00,0.00,2,12,310,33,6
355,67103,100000344,1673773127,1003.00,1003.00,0.00,0.00,639.31,639.26,12.39,12.20,25.00,0.00,1,15,193,162,2
356,67104,100000344,1673773190,999.00,999.00,0.00,0.00,564.38,564.45,11.89,11.97,25.00,0.00,2,16,257,29,2
357,67105,100000344,1673773283,1003.00,1003.00,0.00,0.00,577.22,577.27,11.74,11.85,25.00,0.00,3,16,349,59,2
358,67106,100000344,1673773362,1002.00,1003.00,0.00,0.00,567.94,567.90,12.04,12.28,25.00,0.00,4,12,428,53,2
359,67107,100000344,1673773385,1002.00,1002.00,0.00,0.00,586.05,586.02,11.14,11.55,25.00,0.00,5,5,451,8,2
360,67108,100000344,1673773480,1003.00,1003.00,0.00,0.00,677.31,677.35,9.99,9.88,20.00,0.00,6,20,547,59,2
361,67109,100000344,1673773654,1003.00,1003.00,0.00,0.00,726.25,726.02,10.20,9.87,20.00,0.00,7,20,720,137,2
362,67110,100000344,1673774144,1000.00,999.00,0.00,0.00,562.46,562.30,6.27,5.85,12.00,0.00,1,13,158,134,6
363,67111,100000344,1673774223,900.00,900.00,0.00,0.00,516.01,515.75,7.58,7.39,15.00,0.00,2,13,237,54,6
364,67207,100000344,1673859598,1003.00,1003.00,0.00,0.00,696.99,696.78,12.30,12.38,25.00,0.00,1,15,244,214,2
365,67208,100000344,1673859661,1003.00,1003.00,0.00,0.00,637.06,637.08,12.15,12.36,25.00,0.00,2,15,308,33,2
366,67209,100000344,1673859736,1002.00,1002.00,0.00,0.00,645.71,645.62,12.18,12.25,25.00,0.00,3,15,383,44,2
367,67210,100000344,1673859806,1001.00,1002.00,0.00,0.00,608.29,608.18,11.80,12.14,25.00,0.00,4,10,453,48,2
368,67211,100000344,1673859861,979.00,980.00,0.00,0.00,577.51,577.57,12.00,12.12,25.00,0.00,5,10,507,31,2
369,67212,100000344,1673859949,1000.00,1000.00,0.00,0.00,587.90,587.74,12.04,12.10,25.00,0.00,6,10,596,66,2
370,67213,100000344,1673860003,1003.00,1003.00,0.00,0.00,689.80,689.71,9.81,9.83,20.00,0.00,7,15,650,26,2
371,67214,100000344,1673860155,1003.00,1003.00,0.00,0.00,735.84,735.79,10.30,10.05,20.00,0.00,8,15,802,124,2
372,67216,100000344,1673860434,806.00,806.00,0.00,0.00,351.97,351.67,7.53,7.63,15.00,0.00,1,10,235,211,6
373,67218,100000344,1673860504,984.00,984.00,0.00,0.00,425.20,424.86,5.91,6.02,12.00,0.00,2,16,305,38,6
374,67219,100000344,1673860605,985.00,986.00,0.00,0.00,454.12,453.78,5.99,6.15,12.00,0.00,3,16,405,63,6
375,67324,100000344,1673941579,928.00,928.00,0.00,0.00,527.78,527.52,14.34,14.62,30.00,0.00,1,10,124,99,2
376,67325,100000344,1673941636,1002.00,1002.00,0.00,0.00,497.75,497.75,13.93,14.51,30.00,0.00,2,10,181,32,2
377,67326,100000344,1673941698,1002.00,1002.00,0.00,0.00,531.22,530.90,13.79,14.47,30.00,0.00,3,9,243,41,2
378,67329,100000344,1673941803,1003.00,1003.00,0.00,0.00,732.81,732.84,10.14,10.39,20.00,0.00,4,10,348,84,2
379,67332,100000344,1673941912,1002.00,1002.00,0.00,0.00,611.38,611.22,5.64,5.06,10.00,0.00,1,16,101,79,6
380,67333,100000344,1673941974,1003.00,1002.00,0.00,0.00,648.22,648.01,6.47,6.04,12.00,0.00,2,16,162,37,6
381,67526,100000344,1674023241,954.00,953.00,0.00,0.00,575.98,575.76,13.89,14.14,30.00,0.00,1,10,85,63,2
382,67527,100000344,1674023394,1001.00,1001.00,0.00,0.00,599.51,599.52,13.95,13.97,30.00,0.00,2,10,238,130,2
383,67528,100000344,1674023528,1001.00,1002.00,0.00,0.00,585.66,585.92,14.07,13.84,30.00,0.00,3,10,372,112,2
384,67529,100000344,1674023604,997.00,999.00,0.00,0.00,535.06,535.06,14.06,14.01,30.00,0.00,4,10,447,52,2
385,67530,100000344,1674023683,1001.00,1001.00,0.00,0.00,502.39,502.41,13.69,13.76,30.00,0.00,5,10,527,56,2
386,67531,100000344,1674023811,1002.00,1003.00,0.00,0.00,562.40,562.30,13.93,14.08,30.00,0.00,6,10,654,104,2
387,67532,100000344,1674023925,1002.00,1002.00,0.00,0.00,539.23,539.13,14.08,14.30,30.00,0.00,7,10,769,91,2
388,67533,100000344,1674024024,1002.00,1003.00,0.00,0.00,608.02,608.10,12.15,12.38,25.00,0.00,8,15,868,69,2
389,67534,100000344,1674024111,1001.00,1001.00,0.00,0.00,590.00,589.84,12.18,12.43,25.00,0.00,9,15,955,57,2
390,67535,100000344,1674024501,828.00,828.00,0.00,0.00,387.14,387.07,7.65,7.42,15.00,0.00,1,13,222,195,6
391,67536,100000344,1674024604,877.00,877.00,0.00,0.00,477.63,477.22,7.42,7.80,15.00,0.00,2,13,325,79,6
392,67692,100000344,1674112420,1003.00,1004.00,0.00,0.00,724.23,724.08,8.31,8.08,15.00,0.00,1,30,111,63,2
393,67695,100000344,1674112529,1003.00,1004.00,0.00,0.00,743.14,743.03,9.02,8.88,17.00,0.00,2,30,220,58,2
394,67697,100000344,1674112647,1003.00,1003.00,0.00,0.00,661.93,661.77,9.35,9.25,18.00,0.00,3,30,338,63,2
395,72955,100000344,1677721915,1003.00,1003.00,0.00,0.00,712.95,712.64,7.71,8.19,15.00,0.00,2,20,64,4,2
396,72956,100000344,1677721993,1003.00,1003.00,0.00,0.00,679.03,678.93,10.33,10.13,20.00,0.00,3,15,142,47,2
397,72957,100000344,1677722093,975.00,975.00,0.00,0.00,542.02,541.87,7.20,7.75,15.00,0.00,4,15,241,65,2
398,72958,100000344,1677722162,756.00,756.00,0.00,0.00,386.46,386.37,7.52,7.54,15.00,0.00,5,15,311,26,2
399,74455,100000344,1678502823,1002.00,1003.00,0.00,0.00,493.95,493.88,6.98,7.33,15.00,0.00,1,13,59,30,2
400,74459,100000344,1678502888,862.00,863.00,0.00,0.00,485.80,485.66,7.47,7.44,15.00,0.00,2,15,124,28,2
401,74462,100000344,1678502982,770.00,771.00,0.00,0.00,429.88,429.77,7.44,7.57,15.00,0.00,3,15,218,54,2
402,74464,100000344,1678503066,753.00,754.00,0.00,0.00,368.79,368.63,10.02,10.13,20.00,0.00,4,13,302,39,2
403,74661,100000344,1678687649,821.00,822.00,0.00,0.00,334.11,334.27,7.19,7.50,15.00,0.00,1,3,64,47,2
404,74663,100000344,1678687714,723.00,723.00,0.00,0.00,318.89,318.52,14.61,14.68,30.00,0.00,2,13,130,24,2
405,74918,100000344,1678783485,0.00,0.00,14.59,14.25,0.00,0.00,8.75,8.54,15.00,30.00,1,12,112,65,2
406,74919,100000344,1678783576,0.00,0.00,17.24,17.39,0.00,0.00,9.17,8.90,15.00,25.00,2,12,203,46,2
407,77150,100000344,1680071343,0.00,0.00,11.78,12.39,0.00,0.00,7.24,6.41,5.00,40.00,1,21,49,11,5
408,77382,100000344,1680161527,823.00,823.00,0.00,0.00,394.23,394.42,7.29,7.52,15.00,0.00,1,13,59,19,2
409,77383,100000344,1680161707,591.00,591.00,0.00,0.00,108.56,108.48,14.73,13.56,35.00,0.00,1,4,38,6,2
410,77384,100000344,1680161981,0.00,0.00,12.33,12.76,0.00,0.00,8.81,9.19,15.00,25.00,2,15,124,6,2
411,77385,100000344,1680162090,0.00,0.00,15.98,17.20,0.00,0.00,10.19,10.32,15.00,25.00,3,12,233,67,2
412,77386,100000344,1680162249,1003.00,1002.00,0.00,0.00,494.42,494.27,7.51,7.60,10.00,0.00,1,50,123,34,2
413,77387,100000344,1680162393,757.00,757.00,0.00,0.00,378.69,378.33,5.31,4.79,10.00,0.00,2,20,135,22,6
414,77388,100000344,1680162512,0.00,0.00,9.58,10.49,0.00,0.00,6.72,6.49,10.00,30.00,1,23,110,65,6
415,77389,100000344,1680162641,0.00,0.00,11.33,11.71,0.00,0.00,6.48,6.40,10.00,30.00,2,31,239,73,6
416,77390,100000344,1680162794,0.00,0.00,10.77,11.55,0.00,0.00,6.30,6.53,10.00,30.00,3,30,392,103,6
417,77391,100000344,1680162960,695.00,694.00,0.00,0.00,246.16,246.04,4.16,5.67,10.00,0.00,1,15,139,92,3
418,77392,100000344,1680163086,0.00,0.00,13.11,11.04,0.00,0.00,7.77,8.48,15.00,30.00,1,19,118,70,3
419,77393,100000344,1680163203,0.00,0.00,17.16,16.22,0.00,0.00,9.80,9.64,15.00,30.00,1,30,83,29,3
420,77753,100000344,1680324362,0.00,0.00,14.28,15.46,0.00,0.00,11.94,12.71,20.00,30.00,1,10,111,73,2
421,77754,100000344,1680324475,0.00,0.00,14.40,15.47,0.00,0.00,11.46,11.94,20.00,30.00,2,12,224,72,2
422,77755,100000344,1680324588,0.00,0.00,13.26,14.84,0.00,0.00,10.83,11.30,20.00,30.00,3,12,337,70,2
423,77756,100000344,1680324692,0.00,0.00,13.78,14.87,0.00,0.00,10.69,10.91,20.00,30.00,4,12,441,59,2
424,77757,100000344,1680324805,0.00,0.00,13.54,15.44,0.00,0.00,10.53,10.81,20.00,30.00,5,12,553,67,2
425,77758,100000344,1680324915,0.00,0.00,9.80,9.34,0.00,0.00,7.30,6.90,10.00,30.00,1,12,100,69,6
426,77759,100000344,1680324983,0.00,0.00,9.09,8.76,0.00,0.00,7.16,6.64,10.00,30.00,2,12,169,36,6
427,77760,100000344,1680325106,0.00,0.00,10.23,10.40,0.00,0.00,7.15,7.14,10.00,30.00,3,12,291,94,6
428,78989,100000344,1681112021,1002.00,1003.00,0.00,0.00,528.64,528.54,7.12,7.35,15.00,0.00,1,13,130,91,2
429,78990,100000344,1681112228,851.00,851.00,0.00,0.00,481.20,480.96,12.16,12.19,25.00,0.00,2,12,337,167,2
430,78991,100000344,1681112378,818.00,817.00,0.00,0.00,363.78,363.60,15.06,14.75,30.00,0.00,4,12,487,72,2
431,24335,100002897,1629456919,950.00,950.00,0.00,0.00,307.46,307.49,3.91,5.64,10.00,0.00,1,7,40,20,3
432,24336,100002897,1629457142,332.00,332.00,0.00,0.00,166.64,166.55,21.34,23.95,60.00,0.00,1,7,44,20,3
433,24337,100002897,1629457195,997.00,996.00,0.00,0.00,299.74,299.61,3.66,5.97,10.00,0.00,1,3,28,15,3
434,24338,100002897,1629457233,324.00,324.00,0.00,0.00,193.59,193.64,24.49,26.15,60.00,0.00,2,8,65,14,3
435,24339,100002897,1629457479,827.00,827.00,0.00,0.00,366.45,366.64,14.34,15.12,30.00,0.00,1,15,52,16,6
436,24340,100002897,1629457560,560.00,560.00,0.00,0.00,221.30,221.47,16.49,16.44,35.00,0.00,2,8,133,54,6
437,24341,100002897,1629457636,284.00,356.00,0.00,0.00,94.47,93.94,11.93,12.60,32.00,0.00,1,4,39,20,6
438,24687,100002897,1630320744,1000.00,1000.00,0.00,0.00,350.63,350.62,10.33,9.61,50.00,0.00,1,11,52,17,6
439,24688,100002897,1630320874,851.00,851.00,0.00,0.00,370.75,370.91,12.44,12.36,25.00,0.00,3,13,182,20,6
440,24689,100002897,1630320976,787.00,787.00,0.00,0.00,318.73,318.69,14.38,14.90,30.00,0.00,4,12,284,68,6
441,24690,100002897,1630321073,0.00,0.00,18.59,17.80,0.00,0.00,14.17,13.97,50.00,25.00,1,3,86,59,6
442,24691,100002897,1630321195,0.00,0.00,17.54,16.81,0.00,0.00,12.66,13.00,30.00,27.00,2,9,208,91,6
443,25405,100002897,1631529696,754.00,754.00,0.00,0.00,217.61,217.63,3.07,6.22,10.00,0.00,1,3,31,13,1
444,25406,100002897,1631529759,754.00,753.00,0.00,0.00,242.38,242.58,19.41,22.12,60.00,0.00,2,9,93,28,1
445,25407,100002897,1631529875,713.00,714.00,0.00,0.00,250.31,250.61,19.93,24.99,60.00,0.00,4,10,209,1,1
446,25408,100002897,1631530011,0.00,0.00,40.66,48.74,0.00,0.00,24.54,30.93,70.00,25.00,2,6,62,3,1
447,25409,100002897,1631530180,999.00,1000.00,0.00,0.00,318.81,318.88,5.36,4.55,10.00,0.00,1,12,64,28,6
448,25410,100002897,1631530225,516.00,515.00,0.00,0.00,262.22,262.37,16.05,16.64,35.00,0.00,2,9,109,14,6
449,25411,100002897,1631530323,594.00,595.00,0.00,0.00,265.39,265.03,15.69,15.94,35.00,0.00,3,10,206,69,6
450,25412,100002897,1631530425,734.00,734.00,0.00,0.00,327.61,327.70,14.17,14.19,30.00,0.00,4,10,309,74,6
451,25413,100002897,1631530525,668.00,668.00,0.00,0.00,258.02,258.19,14.06,14.26,30.00,0.00,5,8,408,74,6
452,25492,100002897,1631615448,1006.00,1005.00,0.00,0.00,436.99,437.12,22.67,24.20,50.00,0.00,2,8,56,7,2
453,25493,100002897,1631615637,902.00,901.00,0.00,0.00,199.88,199.69,25.19,27.51,65.00,0.00,1,4,40,21,3
454,25614,100002897,1631855824,850.00,851.00,0.00,0.00,279.85,279.82,46.31,41.64,110.00,0.00,1,8,43,23,7
455,25615,100002897,1631855985,1000.00,1001.00,0.00,0.00,363.36,363.25,29.20,25.31,60.00,0.00,3,11,205,17,7
456,25616,100002897,1631856142,0.00,0.00,93.78,90.02,0.00,0.00,47.67,47.00,60.00,20.00,1,3,44,31,7
457,25617,100002897,1631856201,0.00,0.00,84.84,83.64,0.00,0.00,53.94,52.54,60.00,20.00,2,8,103,33,7
458,26064,100002897,1632742399,739.00,739.00,0.00,0.00,297.05,297.17,14.53,14.19,30.00,0.00,1,8,52,27,6
459,26065,100002897,1632742473,619.00,620.00,0.00,0.00,317.99,318.20,16.50,16.65,35.00,0.00,2,11,125,45,6
460,26066,100002897,1632742550,657.00,658.00,0.00,0.00,195.56,195.58,16.04,19.00,40.00,0.00,3,7,202,53,6
461,26067,100002897,1632742644,581.00,581.00,0.00,0.00,268.58,268.68,16.51,16.78,38.00,0.00,4,9,296,71,6
462,26272,100002897,1632911232,689.00,688.00,0.00,0.00,230.20,230.26,19.37,18.46,50.00,0.00,2,11,87,9,1
463,26273,100002897,1632911438,687.00,687.00,0.00,0.00,209.87,210.17,24.06,20.10,60.00,0.00,1,8,81,39,1
464,26274,100002897,1632911627,351.00,352.00,0.00,0.00,156.02,156.38,18.62,15.04,75.00,0.00,2,4,56,16,1
465,26275,100002897,1632911766,676.00,675.00,0.00,0.00,191.42,191.52,28.27,25.83,75.00,0.00,2,7,75,13,1
466,26276,100002897,1632911908,634.00,634.00,0.00,0.00,191.34,191.54,27.90,25.14,75.00,0.00,3,7,217,106,1
467,26277,100002897,1632912025,617.00,616.00,0.00,0.00,161.45,161.74,29.27,25.18,80.00,0.00,5,5,334,3,1
468,26278,100002897,1632912305,951.00,951.00,0.00,0.00,303.57,303.81,18.21,17.64,40.00,0.00,1,13,65,12,2
469,26279,100002897,1632912427,755.00,755.00,0.00,0.00,233.58,233.67,17.86,16.58,45.00,0.00,2,11,187,64,2
470,26280,100002897,1632912538,442.00,442.00,0.00,0.00,167.80,167.79,16.43,15.52,45.00,0.00,3,7,298,54,2
471,26430,100002897,1633082604,845.00,844.00,0.00,0.00,234.80,234.86,21.02,22.16,60.00,0.00,3,10,142,3,1
472,26431,100002897,1633082731,673.00,673.00,0.00,0.00,208.37,208.46,25.82,28.07,65.00,0.00,4,7,269,87,1
473,26432,100002897,1633082875,438.00,438.00,0.00,0.00,159.82,160.20,26.48,24.91,85.00,0.00,8,3,413,7,1
474,26648,100002897,1633408039,787.00,787.00,0.00,0.00,330.28,330.63,13.95,14.55,30.00,0.00,1,8,58,36,6
475,26649,100002897,1633408112,683.00,683.00,0.00,0.00,330.48,330.39,16.38,17.32,35.00,0.00,2,11,132,44,6
476,26650,100002897,1633408188,693.00,693.00,0.00,0.00,314.21,314.40,16.09,17.39,35.00,0.00,3,13,207,45,6
477,26682,100002897,1633429601,0.00,0.00,20.33,19.98,0.00,0.00,15.95,15.20,30.00,40.00,1,8,56,28,6
478,26683,100002897,1633429662,0.00,0.00,20.53,20.59,0.00,0.00,15.67,15.14,35.00,25.00,2,6,117,35,6
479,26684,100002897,1633429725,337.00,337.00,0.00,0.00,154.14,154.20,10.91,10.03,40.00,0.00,1,3,56,32,6
480,38031,100002897,1649392833,1001.00,1000.00,0.00,0.00,603.18,603.59,5.00,4.79,10.00,0.00,1,4,50,40,3
481,38032,100002897,1649393060,1002.00,1002.00,0.00,0.00,512.81,559.95,5.88,5.71,5.00,0.00,1,6,34,24,3
482,38067,100002897,1649404726,936.00,937.00,0.00,0.00,364.70,365.18,15.73,17.75,39.00,0.00,1,15,57,28,3
483,38068,100002897,1649404771,595.00,595.00,0.00,0.00,255.20,255.45,15.66,17.93,39.00,0.00,2,10,102,22,3
484,38069,100002897,1649405217,0.00,0.00,26.41,28.48,0.00,0.00,19.30,21.20,30.00,20.00,1,10,240,210,3
485,38070,100002897,1649405602,1003.00,1001.00,0.00,0.00,446.97,481.39,9.49,9.74,10.00,0.00,1,20,34,13,3
486,38071,100002897,1649406291,0.00,0.00,17.44,16.85,0.00,0.00,11.80,11.26,20.00,25.00,2,6,317,12,5
487,38072,100002897,1649406459,0.00,0.00,16.47,13.25,0.00,0.00,8.33,8.75,10.00,30.00,2,11,98,43,5
488,38073,100002897,1649406676,989.00,989.00,0.00,0.00,351.58,351.75,12.57,11.53,25.00,0.00,2,5,40,3,1
489,38074,100002897,1649407002,942.00,942.00,0.00,0.00,416.81,417.01,20.74,20.21,49.00,0.00,1,10,93,62,1
490,38075,100002897,1649407388,0.00,0.00,40.01,38.35,0.00,0.00,24.39,23.27,30.00,30.00,1,8,342,310,1
491,38410,100002897,1649909082,1002.00,1002.00,0.00,0.00,464.43,464.56,17.75,17.69,35.00,0.00,1,12,49,12,2
492,38413,100002897,1649909155,1000.00,1000.00,0.00,0.00,448.41,448.58,19.62,19.78,40.00,0.00,2,10,122,39,2
493,38414,100002897,1649909232,1001.00,1001.00,0.00,0.00,407.70,407.74,20.10,19.91,40.00,0.00,3,7,199,48,2
494,38415,100002897,1649909326,1000.00,1000.00,0.00,0.00,381.22,381.49,15.11,16.09,35.00,0.00,5,9,293,12,2
495,38416,100002897,1649909387,637.00,993.00,0.00,0.00,162.84,371.30,4.96,5.51,5.00,0.00,1,5,31,18,3
496,38417,100002897,1649909426,747.00,963.00,0.00,0.00,89.08,165.92,9.59,14.16,25.00,0.00,2,6,70,20,3
497,38418,100002897,1649909477,791.00,333.00,0.00,0.00,141.08,129.40,12.69,18.57,25.00,0.00,3,13,120,14,3
498,38421,100002897,1649909600,768.00,768.00,0.00,0.00,254.43,254.35,18.56,18.96,40.00,0.00,1,10,51,21,3
499,38423,100002897,1649909695,815.00,815.00,0.00,0.00,219.38,219.42,18.47,18.47,40.00,0.00,2,7,146,70,3
500,38425,100002897,1649909796,938.00,938.00,0.00,0.00,215.31,215.04,18.24,17.37,40.00,0.00,3,7,247,74,3
501,38704,100002897,1650255046,1003.00,1002.00,0.00,0.00,356.63,356.78,15.89,16.36,35.00,0.00,1,14,66,15,2
502,38705,100002897,1650255140,289.00,288.00,0.00,0.00,113.48,113.50,9.39,8.99,35.00,0.00,2,4,159,55,2
503,38706,100002897,1650255229,1003.00,1002.00,0.00,0.00,529.86,530.02,17.90,18.25,35.00,0.00,1,13,52,14,2
504,38707,100002897,1650255339,1002.00,1002.00,0.00,0.00,435.86,436.04,17.64,17.39,35.00,0.00,2,10,162,74,2
505,38709,100002897,1650255451,1001.00,1001.00,0.00,0.00,356.39,356.49,16.96,16.83,35.00,0.00,3,10,275,69,2
506,39039,100002897,1650600890,1003.00,1003.00,0.00,0.00,477.92,478.02,15.80,15.47,30.00,0.00,1,11,75,42,2
507,39040,100002897,1650601008,1003.00,1002.00,0.00,0.00,491.65,491.95,18.27,18.04,35.00,0.00,2,12,193,80,2
508,39041,100002897,1650601104,1002.00,1001.00,0.00,0.00,398.72,398.91,18.59,18.69,40.00,0.00,3,10,289,63,2
509,39042,100002897,1650601249,1001.00,1001.00,0.00,0.00,437.13,437.28,19.19,19.48,40.00,0.00,4,8,435,119,2
510,39224,100002897,1650946796,1002.00,1003.00,0.00,0.00,524.50,525.15,5.62,4.89,20.00,0.00,1,13,63,23,2
511,39226,100002897,1650946851,1003.00,1003.00,0.00,0.00,567.88,568.33,11.13,10.77,35.00,0.00,2,14,117,15,2
512,39228,100002897,1650946919,1003.00,1004.00,0.00,0.00,533.18,533.74,18.01,17.40,35.00,0.00,3,14,186,32,2
513,39230,100002897,1650947050,1003.00,1004.00,0.00,0.00,524.86,525.52,17.80,17.17,35.00,0.00,4,12,317,98,2
514,39231,100002897,1650947143,562.00,562.00,0.00,0.00,186.11,186.59,20.72,19.19,45.00,0.00,5,7,410,67,2
515,39398,100002897,1651118901,1003.00,1004.00,0.00,0.00,517.90,518.66,10.80,10.29,20.00,0.00,1,15,124,84,2
516,39401,100002897,1651118949,1003.00,1003.00,0.00,0.00,548.23,548.98,13.49,13.49,25.00,0.00,2,10,172,19,2
517,39402,100002897,1651119020,1004.00,1004.00,0.00,0.00,594.69,595.30,16.82,16.11,30.00,0.00,3,13,243,37,2
518,39404,100002897,1651119145,1002.00,1003.00,0.00,0.00,491.38,492.11,20.00,19.26,40.00,0.00,4,10,368,97,2
519,39406,100002897,1651119231,1002.00,1003.00,0.00,0.00,448.95,449.67,19.25,19.14,40.00,0.00,5,9,454,58,2
520,39408,100002897,1651119334,1002.00,1002.00,0.00,0.00,450.27,451.04,19.29,19.30,40.00,0.00,6,9,557,76,2
521,39412,100002897,1651119456,1001.00,1001.00,0.00,0.00,448.87,449.40,19.37,18.92,40.00,0.00,7,10,679,95,2
522,39417,100002897,1651119567,1003.00,1003.00,0.00,0.00,479.28,480.00,17.20,16.60,35.00,0.00,8,10,790,84,2
523,39492,100002897,1651205284,1004.00,1003.00,0.00,0.00,613.37,613.47,16.91,16.74,30.00,0.00,1,13,98,70,2
524,39493,100002897,1651205339,1003.00,1003.00,0.00,0.00,604.49,604.71,16.59,16.31,30.00,0.00,2,11,153,29,2
525,39496,100002897,1651205446,1002.00,1002.00,0.00,0.00,524.35,524.51,20.01,19.71,40.00,0.00,3,13,260,76,2
526,39497,100002897,1651205528,1002.00,1002.00,0.00,0.00,466.60,466.76,20.58,20.51,40.00,0.00,4,9,342,55,2
527,39500,100002897,1651205628,1002.00,1003.00,0.00,0.00,503.79,503.79,19.39,18.77,40.00,0.00,5,10,442,73,2
528,39501,100002897,1651205719,1003.00,1002.00,0.00,0.00,453.37,453.40,19.23,18.94,40.00,0.00,6,10,533,63,2
529,39507,100002897,1651205881,1003.00,1003.00,0.00,0.00,493.43,493.42,5.38,5.43,10.00,0.00,1,16,128,93,6
530,39510,100002897,1651205983,1003.00,1003.00,0.00,0.00,553.52,553.51,8.01,8.24,15.00,0.00,2,20,231,64,6
531,39512,100002897,1651206072,1003.00,1003.00,0.00,0.00,490.52,490.52,7.81,8.09,15.00,0.00,3,16,320,56,6
532,39513,100002897,1651206187,1001.00,1001.00,0.00,0.00,408.27,408.18,7.77,7.60,15.00,0.00,4,16,435,76,6
533,39701,100002897,1651464977,1004.00,1003.00,0.00,0.00,684.63,684.80,13.51,13.81,20.00,0.00,1,22,67,24,2
534,39703,100002897,1651465063,1004.00,1003.00,0.00,0.00,647.64,647.81,14.07,14.00,20.00,0.00,2,20,153,43,2
535,39705,100002897,1651465153,1003.00,1002.00,0.00,0.00,538.77,539.01,15.82,16.23,30.00,0.00,3,13,244,57,2
536,39708,100002897,1651465243,1003.00,1002.00,0.00,0.00,525.71,525.82,17.18,17.39,35.00,0.00,4,11,333,59,2
537,39710,100002897,1651465341,1003.00,1002.00,0.00,0.00,480.24,480.46,16.65,16.49,35.00,0.00,5,10,431,70,2
538,39711,100002897,1651465461,1002.00,1002.00,0.00,0.00,468.14,468.34,19.19,18.99,40.00,0.00,6,9,551,94,2
539,39712,100002897,1651465533,1002.00,1001.00,0.00,0.00,486.34,486.58,18.08,18.04,40.00,0.00,7,6,623,53,2
540,39864,100002897,1651551552,1004.00,1003.00,0.00,0.00,532.54,532.71,15.52,16.45,30.00,0.00,1,10,39,12,2
541,39865,100002897,1651551620,1003.00,1003.00,0.00,0.00,572.73,572.85,16.25,16.69,30.00,0.00,2,9,108,43,2
542,39867,100002897,1651551688,1003.00,1002.00,0.00,0.00,512.67,512.77,19.95,19.37,40.00,0.00,3,12,175,37,2
543,39869,100002897,1651551781,1002.00,1002.00,0.00,0.00,449.93,450.15,19.47,18.76,40.00,0.00,4,10,268,63,2
544,39871,100002897,1651551851,964.00,964.00,0.00,0.00,425.10,425.21,21.39,20.21,45.00,0.00,5,8,339,47,2
545,39872,100002897,1651551933,964.00,963.00,0.00,0.00,319.67,319.86,21.61,20.02,45.00,0.00,6,8,420,56,2
546,41140,100002897,1653010699,969.00,969.00,0.00,0.00,582.30,582.37,4.81,5.14,10.00,0.00,5,15,459,21,2
547,41333,100002897,1653287185,201.00,201.00,15.09,11.48,195.60,195.80,3.33,2.51,64.00,20.00,1,1,10,0,2
548,41334,100002897,1653287277,203.00,203.00,28.60,26.40,192.56,192.93,14.99,13.65,64.00,20.00,1,12,77,0,2
549,41336,100002897,1653287348,106.00,105.00,22.16,19.26,98.36,98.39,10.81,10.51,15.00,10.00,1,7,59,0,6
550,41537,100002897,1653370817,102.00,103.00,27.98,25.31,98.33,98.63,15.69,14.39,25.00,10.00,1,3,44,0,2
551,41538,100002897,1653370967,106.00,106.00,24.50,27.35,97.85,97.73,14.49,14.58,25.00,10.00,1,11,67,0,3
552,41539,100002897,1653371078,109.00,112.00,32.34,31.16,98.51,98.79,18.39,17.62,25.00,10.00,1,8,79,0,2
553,41540,100002897,1653371168,108.00,107.00,20.28,18.66,98.51,98.54,11.65,11.69,15.00,10.00,1,7,62,0,6
554,41692,100002897,1653461133,106.00,105.00,18.95,19.93,98.49,98.53,12.44,11.55,15.00,10.00,1,7,71,0,6
555,41694,100002897,1653461222,105.00,104.00,22.61,19.50,98.54,98.54,11.35,10.77,15.00,10.00,1,5,63,0,6
556,41695,100002897,1653461222,105.00,104.00,22.61,19.50,98.54,98.54,11.35,10.77,15.00,10.00,1,5,63,0,6
557,41832,100002897,1653546732,107.00,106.00,15.05,14.82,98.70,98.77,8.97,8.79,15.00,10.00,1,3,47,0,6
558,41833,100002897,1653546807,108.00,109.00,30.08,26.86,98.56,98.76,17.73,15.87,25.00,10.00,1,5,52,0,2
559,41834,100002897,1653546864,102.00,102.00,24.43,26.32,97.90,97.80,14.28,15.49,20.00,10.00,1,3,43,0,3
560,41835,100002897,1653546964,106.00,106.00,26.80,27.04,98.32,98.28,16.07,15.65,20.00,10.00,1,8,58,0,3
561,42147,100002897,1653892041,106.00,106.00,27.72,30.29,98.05,97.96,14.66,15.50,20.00,10.00,1,10,74,0,3
562,42148,100002897,1653892115,103.00,104.00,31.93,29.01,98.44,98.76,19.54,17.30,18.42,10.00,1,7,61,0,2
563,42149,100002897,1653892215,107.00,105.00,18.74,19.58,98.53,98.54,11.85,12.15,15.00,10.00,1,7,66,0,6
564,42289,100002897,1653970385,101.00,101.00,17.34,19.34,98.57,98.60,11.88,11.89,15.00,10.00,1,3,40,0,6
565,42479,100002897,1654150063,102.00,101.00,17.09,16.49,98.34,98.42,9.90,9.58,15.00,10.00,1,5,39,0,6
566,42480,100002897,1654150149,108.00,110.00,31.40,27.81,98.59,98.80,18.74,16.95,1.78,10.00,1,7,70,0,2
567,42481,100002897,1654150230,102.00,102.00,30.68,30.45,98.14,98.06,18.13,18.71,20.00,10.00,1,8,60,0,3
568,42482,100002897,1654150351,109.00,107.00,21.17,22.16,98.58,98.58,15.03,14.68,15.00,10.00,1,4,39,0,6
569,42484,100002897,1654150442,107.00,107.00,27.43,28.14,98.05,98.00,18.25,18.69,20.00,10.00,1,6,50,0,3
570,42486,100002897,1654150792,106.00,106.00,34.44,34.77,97.83,97.83,22.04,22.29,20.00,10.00,1,6,46,0,3
571,42896,100002897,1654580865,103.00,103.00,33.17,33.40,98.26,98.16,19.09,19.49,1.93,10.00,1,7,65,0,3
572,42897,100002897,1654580944,106.00,109.00,28.00,26.04,98.53,98.77,12.90,11.45,1.22,10.00,1,3,43,0,2
573,42898,100002897,1654581027,102.00,102.00,25.63,24.32,98.33,98.37,12.93,13.15,1.30,10.00,1,6,63,0,6
574,43163,100002897,1654756237,108.00,107.00,23.08,25.49,98.63,98.67,13.72,13.84,27.56,10.00,1,6,55,0,6
575,43164,100002897,1654756332,103.00,104.00,33.63,29.45,98.76,99.08,24.52,21.32,45.84,10.00,1,5,48,0,2
576,43165,100002897,1654756416,104.00,104.00,33.67,33.92,98.60,98.88,19.65,18.72,38.37,10.00,1,4,41,0,2
577,43166,100002897,1654756504,102.00,102.00,33.48,31.43,97.94,97.84,20.75,20.29,41.04,10.00,1,8,57,0,3
578,43519,100002897,1655104332,106.00,105.00,33.46,33.21,98.14,98.12,21.14,21.56,42.69,10.00,1,9,63,0,3
579,43520,100002897,1655104398,102.00,101.00,16.52,17.49,98.78,98.80,9.21,9.60,18.81,10.00,1,4,46,0,6
580,43521,100002897,1655104463,1003.00,1004.00,0.00,0.00,589.43,590.23,18.46,16.89,35.00,0.00,1,12,47,14,2
581,43522,100002897,1655104521,1002.00,1003.00,0.00,0.00,442.48,443.14,21.98,20.44,45.00,0.00,2,11,105,25,2
582,43523,100002897,1655104612,1003.00,1003.00,0.00,0.00,436.80,437.43,22.12,20.71,45.00,0.00,3,9,196,62,2
583,43524,100002897,1655104702,1003.00,1004.00,0.00,0.00,396.09,396.77,21.96,20.69,45.00,0.00,4,9,286,63,2
584,43525,100002897,1655104780,997.00,997.00,0.00,0.00,317.52,318.18,18.11,16.67,45.00,0.00,5,3,364,63,2
585,43653,100002897,1655198689,108.00,107.00,22.59,24.08,98.67,98.68,14.46,14.11,28.57,10.00,1,6,64,0,6
586,43735,100002897,1655285705,107.00,106.00,23.67,23.09,98.67,98.77,15.03,14.44,29.47,10.00,1,6,58,0,6
587,43737,100002897,1655285996,947.00,948.00,0.00,0.00,457.16,457.86,24.05,22.44,50.00,0.00,1,10,46,16,2
588,43741,100002897,1655286096,902.00,901.00,0.00,0.00,411.94,412.64,24.01,22.28,50.00,0.00,2,9,146,73,2
589,43743,100002897,1655286178,831.00,831.00,0.00,0.00,336.51,337.33,24.56,22.71,50.00,0.00,3,9,227,54,2
590,43744,100002897,1655286252,313.00,313.00,0.00,0.00,155.13,155.33,12.89,12.19,45.00,0.00,4,4,302,56,2
591,43746,100002897,1655286284,972.00,973.00,0.00,0.00,346.76,347.50,21.83,21.31,45.00,0.00,5,9,334,7,2
592,43747,100002897,1655286342,1003.00,1004.00,0.00,0.00,433.88,434.85,20.94,19.34,43.00,0.00,6,8,392,33,2
593,43850,100002897,1655371301,108.00,107.00,25.94,23.82,98.38,98.40,16.31,16.02,32.33,10.00,1,5,54,0,6
594,43851,100002897,1655371354,664.00,664.00,0.00,0.00,314.93,315.45,14.38,14.54,30.00,0.00,1,9,39,13,6
595,43852,100002897,1655371430,654.00,654.00,0.00,0.00,271.35,271.64,14.53,14.69,31.00,0.00,2,8,115,52,6
596,43853,100002897,1655371502,549.00,549.00,0.00,0.00,234.50,235.09,14.21,15.23,31.00,0.00,3,7,187,51,6
597,43854,100002897,1655371600,711.00,710.00,0.00,0.00,289.80,290.12,13.01,13.71,28.00,0.00,4,9,285,74,6
598,44161,100002897,1655707220,107.00,107.00,22.21,20.46,98.53,98.53,12.86,13.17,26.03,10.00,1,6,53,0,6
599,44281,100002897,1655793047,1003.00,1004.00,0.00,0.00,467.13,468.19,18.95,17.59,40.00,0.00,1,9,47,22,2
600,44282,100002897,1655793165,1002.00,1004.00,0.00,0.00,478.43,479.12,22.32,20.78,45.00,0.00,2,12,64,13,2
601,44283,100002897,1655793253,910.00,911.00,0.00,0.00,393.26,394.10,24.11,22.02,50.00,0.00,3,9,152,60,2
602,44284,100002897,1655793346,920.00,921.00,0.00,0.00,366.46,367.29,23.90,21.97,50.00,0.00,4,8,244,67,2
603,44285,100002897,1655793436,0.00,0.00,28.47,26.45,0.00,0.00,18.03,16.11,30.00,30.00,1,3,34,17,2
604,44286,100002897,1655793465,0.00,0.00,34.11,32.73,0.00,0.00,21.20,19.80,45.00,25.00,2,5,63,7,2
605,44287,100002897,1655793533,1003.00,1002.00,0.00,0.00,493.14,493.55,10.33,9.76,20.00,0.00,1,8,31,12,6
606,44288,100002897,1655793569,892.00,892.00,0.00,0.00,398.26,398.78,14.32,14.07,30.00,0.00,2,8,67,17,6
607,44289,100002897,1655793684,842.00,842.00,0.00,0.00,401.31,401.76,14.64,14.42,30.00,0.00,3,11,182,91,6
608,44290,100002897,1655793754,724.00,724.00,0.00,0.00,195.04,195.40,17.19,17.62,40.00,0.00,4,5,252,51,6
609,44291,100002897,1655793823,875.00,874.00,0.00,0.00,209.43,209.59,16.54,17.03,37.00,0.00,5,6,321,50,6
610,44571,100002897,1655970379,534.00,535.00,0.00,0.00,200.21,200.94,22.03,24.42,50.00,0.00,1,3,34,18,3
611,44572,100002897,1655970442,628.00,628.00,0.00,0.00,188.65,188.99,22.80,24.46,50.00,0.00,3,9,97,6,3
612,44573,100002897,1655970535,105.00,104.00,22.36,23.58,98.52,98.55,15.45,15.98,31.43,10.00,1,4,47,0,6
613,44574,100002897,1655970599,774.00,772.00,0.00,0.00,158.65,159.06,21.97,22.86,50.00,0.00,5,6,255,9,3
614,44575,100002897,1655970648,893.00,892.00,0.00,0.00,408.51,408.76,9.79,9.67,20.00,0.00,1,8,39,21,6
615,44576,100002897,1655970706,775.00,775.00,0.00,0.00,344.51,344.64,12.00,11.73,25.00,0.00,2,8,97,38,6
616,44577,100002897,1655970779,864.00,864.00,0.00,0.00,306.97,307.40,14.43,14.46,30.00,0.00,3,10,170,47,6
617,44578,100002897,1655970866,920.00,920.00,0.00,0.00,291.26,291.65,13.66,14.82,30.00,0.00,4,10,257,62,6
618,44579,100002897,1655970961,836.00,836.00,0.00,0.00,274.93,275.35,13.93,14.53,30.00,0.00,5,9,352,72,6
619,44886,100002897,1656311743,1003.00,1004.00,0.00,0.00,500.83,501.48,20.18,19.38,40.00,0.00,1,9,49,25,2
620,44887,100002897,1656311845,1003.00,1004.00,0.00,0.00,526.16,526.72,22.52,21.38,45.00,0.00,2,10,151,74,2
621,44888,100002897,1656311931,938.00,939.00,0.00,0.00,431.40,432.26,24.51,22.54,50.00,0.00,3,10,237,57,2
622,44889,100002897,1656312034,884.00,884.00,0.00,0.00,391.35,392.00,23.68,22.28,50.00,0.00,4,9,341,77,2
623,44890,100002897,1656312109,880.00,880.00,0.00,0.00,351.71,352.46,23.21,22.07,50.00,0.00,5,7,416,52,2
624,44891,100002897,1656312181,936.00,937.00,0.00,0.00,407.67,408.39,21.04,20.07,47.00,0.00,6,5,488,55,2
625,45243,100002897,1656570606,104.00,103.00,24.40,23.32,98.16,98.20,13.65,13.93,27.58,10.00,1,5,46,0,6
626,45244,100002897,1656570903,104.00,103.00,19.70,20.37,98.64,98.70,13.32,12.41,25.73,10.00,1,5,45,0,6
627,45582,100002897,1656927972,1003.00,1003.00,0.00,0.00,504.93,505.61,17.66,17.09,35.00,0.00,1,7,50,30,2
628,45583,100002897,1656928032,1003.00,1004.00,0.00,0.00,494.90,495.52,20.05,18.88,40.00,0.00,2,12,110,26,2
629,45584,100002897,1656928114,1003.00,1004.00,0.00,0.00,566.39,567.26,20.59,19.03,40.00,0.00,3,12,191,52,2
630,45585,100002897,1656928197,1002.00,1003.00,0.00,0.00,459.96,460.53,21.99,20.18,45.00,0.00,4,10,275,56,2
631,45586,100002897,1656928269,1001.00,1002.00,0.00,0.00,442.58,443.20,19.36,18.38,40.00,0.00,5,9,347,45,2
632,45587,100002897,1656928353,1001.00,1002.00,0.00,0.00,460.78,461.43,19.19,17.98,40.00,0.00,6,8,430,57,2
633,46400,100002897,1657765725,104.00,104.00,8.33,8.08,98.45,98.55,4.31,4.05,8.36,10.00,1,2,23,0,6
634,46467,100002897,1657792399,1003.00,1003.00,0.00,0.00,459.40,459.61,17.62,16.48,35.00,0.00,1,9,41,13,2
635,46469,100002897,1657792484,1003.00,1002.00,0.00,0.00,548.64,548.75,18.40,17.89,35.00,0.00,1,11,39,9,2
636,46471,100002897,1657792551,1003.00,1003.00,0.00,0.00,527.36,527.51,17.87,17.50,35.00,0.00,2,10,106,36,2
637,46537,100002897,1657877691,1003.00,1002.00,0.00,0.00,466.89,466.95,15.08,14.96,30.00,0.00,1,13,52,15,2
638,46538,100002897,1657877751,1003.00,1003.00,0.00,0.00,522.77,522.99,18.04,17.61,35.00,0.00,2,12,112,30,2
639,46539,100002897,1657877831,1003.00,1002.00,0.00,0.00,498.19,498.36,20.44,19.08,40.00,0.00,3,11,192,48,2
640,46541,100002897,1657877910,1001.00,1001.00,0.00,0.00,488.88,488.98,19.06,18.21,40.00,0.00,4,9,271,49,2
641,46543,100002897,1657877982,1002.00,1002.00,0.00,0.00,425.22,425.37,19.13,18.18,40.00,0.00,5,8,343,47,2
642,46544,100002897,1657878933,768.00,769.00,0.00,0.00,343.98,344.22,14.14,14.13,30.00,0.00,1,8,32,13,6
643,46545,100002897,1657878987,739.00,739.00,0.00,0.00,326.06,326.19,14.30,14.34,30.00,0.00,2,9,87,31,6
644,46546,100002897,1657879046,687.00,687.00,0.00,0.00,301.13,301.29,14.12,13.85,30.00,0.00,3,8,146,37,6
645,46701,100002897,1658138768,1000.00,999.00,0.00,0.00,455.24,455.61,4.34,5.68,10.00,0.00,1,9,32,9,3
646,46702,100002897,1658138819,925.00,925.00,0.00,0.00,371.28,371.67,9.21,10.64,20.00,0.00,2,15,83,16,3
647,46703,100002897,1658138923,683.00,684.00,0.00,0.00,280.91,281.18,14.24,15.09,30.00,0.00,3,16,187,66,3
648,46921,100002897,1658302196,1003.00,1002.00,0.00,0.00,532.82,532.96,15.27,15.44,30.00,0.00,1,12,46,15,2
649,46923,100002897,1658302271,1003.00,1003.00,0.00,0.00,592.71,592.81,18.57,18.23,35.00,0.00,2,13,121,43,2
650,46924,100002897,1658302350,1003.00,1002.00,0.00,0.00,499.38,499.55,20.05,19.62,40.00,0.00,3,12,200,47,2
651,46926,100002897,1658302513,1003.00,1002.00,0.00,0.00,497.74,497.96,19.81,19.38,40.00,0.00,5,10,363,74,2
652,46927,100002897,1658302675,999.00,1000.00,0.00,0.00,511.75,511.66,10.67,11.20,22.00,0.00,1,13,52,26,3
653,46928,100002897,1658302769,882.00,883.00,0.00,0.00,393.86,393.82,13.37,13.37,27.00,0.00,2,19,146,53,3
654,46929,100002897,1658302859,665.00,665.00,0.00,0.00,234.52,234.46,18.47,17.92,37.00,0.00,3,11,236,59,3
655,47111,100002897,1658476487,1003.00,1002.00,0.00,0.00,450.78,450.78,14.76,14.51,30.00,0.00,1,7,34,13,2
656,47112,100002897,1658476567,1003.00,1002.00,0.00,0.00,514.92,515.20,18.34,17.67,35.00,0.00,2,14,113,39,2
657,47113,100002897,1658476649,1002.00,1002.00,0.00,0.00,470.71,470.91,19.87,19.25,40.00,0.00,3,12,196,45,2
658,47114,100002897,1658476730,921.00,921.00,0.00,0.00,324.89,325.15,19.39,18.64,40.00,0.00,4,10,276,51,2
659,47115,100002897,1658476792,1000.00,1000.00,0.00,0.00,449.05,449.43,18.67,17.81,40.00,0.00,5,6,339,41,2
660,47116,100002897,1658476826,1000.00,1000.00,0.00,0.00,398.75,399.00,18.58,18.23,40.00,0.00,6,7,372,12,2
661,47117,100002897,1658476900,975.00,976.00,0.00,0.00,396.99,397.25,17.23,16.95,37.00,0.00,7,6,447,51,2
662,47272,100002897,1658735064,1002.00,1002.00,0.00,0.00,464.84,465.03,15.00,14.86,30.00,0.00,1,12,48,13,2
663,47273,100002897,1658735214,1003.00,1002.00,0.00,0.00,486.67,486.71,17.55,16.95,35.00,0.00,2,14,197,107,2
664,47274,100002897,1658735289,1003.00,1002.00,0.00,0.00,525.06,525.38,17.98,17.91,35.00,0.00,3,13,272,37,2
665,47293,100002897,1658738355,1002.00,1002.00,0.00,0.00,451.95,452.26,16.44,16.74,35.00,0.00,1,6,40,19,2
666,47294,100002897,1658738437,1003.00,1003.00,0.00,0.00,479.02,479.28,18.06,17.21,35.00,0.00,2,13,122,38,2
667,47524,100002897,1658906661,1003.00,1002.00,0.00,0.00,499.02,499.28,14.48,15.69,30.00,0.00,1,12,65,32,2
668,47525,100002897,1658906753,1003.00,1002.00,0.00,0.00,501.71,501.95,17.77,18.05,35.00,0.00,2,12,157,57,2
669,47526,100002897,1658906841,1003.00,1002.00,0.00,0.00,538.43,538.55,19.80,19.72,40.00,0.00,3,11,245,55,2
670,47527,100002897,1658906924,1002.00,1002.00,0.00,0.00,455.96,456.09,19.80,18.93,40.00,0.00,4,9,328,53,2
671,47528,100002897,1658906997,956.00,955.00,0.00,0.00,425.32,425.25,20.38,19.98,45.00,0.00,5,6,401,51,2
672,47775,100002897,1659090364,1002.00,1002.00,0.00,0.00,411.59,411.79,17.05,17.53,35.00,0.00,1,11,54,21,2
673,47776,100002897,1659090456,1002.00,1002.00,0.00,0.00,495.74,496.04,17.83,16.99,35.00,0.00,2,13,146,53,2
674,47777,100002897,1659090533,1002.00,1002.00,0.00,0.00,445.33,445.55,19.94,19.24,40.00,0.00,3,12,223,40,2
675,47778,100002897,1659090636,1002.00,1002.00,0.00,0.00,442.25,442.28,19.51,19.24,40.00,0.00,4,10,327,71,2
676,47779,100002897,1659090746,1003.00,1002.00,0.00,0.00,429.33,429.44,19.17,19.08,40.00,0.00,5,10,436,78,2
677,47781,100002897,1659090824,1002.00,1002.00,0.00,0.00,426.18,426.32,18.83,18.52,40.00,0.00,6,7,514,54,2
678,47880,100002897,1659336839,1003.00,1002.00,0.00,0.00,560.00,560.20,13.49,13.24,25.00,0.00,1,14,79,43,2
679,47881,100002897,1659336911,1003.00,1003.00,0.00,0.00,590.41,590.64,17.01,16.26,30.00,0.00,2,13,150,32,2
680,47882,100002897,1659336982,1003.00,1003.00,0.00,0.00,563.91,564.06,16.60,15.40,30.00,0.00,3,11,222,38,2
681,47883,100002897,1659337057,1003.00,1003.00,0.00,0.00,617.61,617.68,18.45,18.36,35.00,0.00,4,13,296,39,2
682,47884,100002897,1659337132,1002.00,1002.00,0.00,0.00,504.21,504.49,19.46,19.04,40.00,0.00,5,10,372,46,2
683,47885,100002897,1659337202,1002.00,1002.00,0.00,0.00,530.84,530.82,19.22,18.82,40.00,0.00,6,9,441,41,2
684,47886,100002897,1659337284,1002.00,1002.00,0.00,0.00,542.96,543.23,18.94,18.54,40.00,0.00,7,8,523,56,2
685,47887,100002897,1659337363,1003.00,1003.00,0.00,0.00,541.18,541.34,18.79,18.24,38.00,0.00,8,9,602,53,2
686,48004,100002897,1659425274,1003.00,1003.00,0.00,0.00,504.73,504.98,15.70,15.70,30.00,0.00,1,11,63,28,2
687,48005,100002897,1659425349,1003.00,1002.00,0.00,0.00,493.22,493.37,20.41,19.51,40.00,0.00,2,9,138,42,2
688,48006,100002897,1659425438,1002.00,1002.00,0.00,0.00,467.58,467.73,22.12,21.60,45.00,0.00,3,11,227,54,2
689,48007,100002897,1659425526,955.00,955.00,0.00,0.00,419.70,419.77,23.78,22.26,50.00,0.00,4,8,315,58,2
690,48008,100002897,1659425599,900.00,901.00,0.00,0.00,326.43,326.46,23.75,22.16,50.00,0.00,5,8,388,46,2
691,48009,100002897,1659425673,709.00,709.00,0.00,0.00,319.44,319.60,25.12,24.22,55.00,0.00,6,6,462,51,2
692,48010,100002897,1659426614,585.00,585.00,0.00,0.00,279.77,279.62,18.69,19.62,40.00,0.00,1,11,72,40,3
693,48011,100002897,1659426692,468.00,468.00,0.00,0.00,221.81,221.64,20.43,21.86,45.00,0.00,2,7,150,52,3
694,48012,100002897,1659426762,700.00,700.00,0.00,0.00,149.44,149.36,23.81,25.15,55.00,0.00,3,6,219,45,3
695,48013,100002897,1659426856,386.00,386.00,0.00,0.00,141.91,141.87,24.62,25.76,55.00,0.00,4,7,313,65,3
696,48767,100002897,1660037239,1002.00,1002.00,0.00,0.00,417.54,417.64,19.27,10.06,30.00,0.00,1,10,45,15,2
697,48768,100002897,1660037294,1003.00,1003.00,0.00,0.00,460.34,460.56,18.55,17.68,35.00,0.00,2,10,101,21,2
698,48769,100002897,1660037371,1003.00,1003.00,0.00,0.00,546.27,546.29,18.30,18.06,35.00,0.00,3,10,177,45,2
699,48770,100002897,1660037451,1003.00,1002.00,0.00,0.00,507.40,507.55,19.77,19.42,40.00,0.00,4,10,257,48,2
700,48771,100002897,1660037524,1002.00,1001.00,0.00,0.00,420.01,420.16,21.40,21.44,45.00,0.00,5,8,330,45,2
701,48772,100002897,1660037599,1002.00,1002.00,0.00,0.00,403.81,403.92,21.89,20.30,45.00,0.00,6,9,405,47,2
702,48773,100002897,1660037655,959.00,959.00,0.00,0.00,362.95,362.96,20.67,19.47,45.00,0.00,7,6,461,32,2
703,50602,100002897,1661847554,1003.00,1003.00,0.00,0.00,573.10,573.26,18.87,17.54,35.00,0.00,1,12,78,45,2
704,50603,100002897,1661847644,1003.00,1003.00,0.00,0.00,519.07,519.19,18.66,17.65,35.00,0.00,2,11,168,53,2
705,50604,100002897,1661847741,1003.00,1003.00,0.00,0.00,513.49,513.67,20.21,19.48,40.00,0.00,3,10,265,64,2
706,50606,100002897,1661847833,1002.00,1002.00,0.00,0.00,446.35,446.60,19.83,18.56,40.00,0.00,4,10,357,59,2
707,50607,100002897,1661847912,1002.00,1001.00,0.00,0.00,425.86,426.12,17.43,16.24,35.00,0.00,5,10,436,46,2
708,50838,100002897,1661930274,911.00,910.00,0.00,0.00,399.18,399.40,10.69,9.62,20.00,0.00,1,15,50,16,6
709,50839,100002897,1661930352,861.00,861.00,0.00,0.00,372.28,372.49,10.23,9.56,20.00,0.00,2,16,128,40,6
710,50840,100002897,1661930504,833.00,833.00,0.00,0.00,382.55,382.67,11.47,11.24,23.00,0.00,1,13,50,18,6
711,51024,100002897,1662019271,1003.00,1003.00,0.00,0.00,491.22,491.45,16.22,14.56,30.00,0.00,1,14,67,30,2
712,51025,100002897,1662019347,1003.00,1002.00,0.00,0.00,453.73,453.84,20.25,18.35,40.00,0.00,2,12,143,38,2
713,51026,100002897,1662019419,1002.00,1002.00,0.00,0.00,377.23,377.36,19.87,18.07,40.00,0.00,3,8,215,41,2
714,51028,100002897,1662019487,1001.00,1000.00,0.00,0.00,374.43,374.59,19.19,17.25,38.00,0.00,4,9,283,38,2
715,51029,100002897,1662019567,1002.00,1002.00,0.00,0.00,414.35,414.52,17.79,16.35,36.00,0.00,5,6,363,53,2
716,51030,100002897,1662019623,1002.00,1002.00,0.00,0.00,347.31,347.46,16.81,16.39,36.00,0.00,6,7,420,29,2
717,51031,100002897,1662019812,456.00,456.00,0.00,0.00,186.65,186.82,26.51,24.91,61.00,0.00,8,4,609,14,2
718,51032,100002897,1662019858,681.00,682.00,0.00,0.00,325.33,325.61,21.97,21.12,51.00,0.00,9,4,654,27,2
719,51847,100002897,1662536242,1002.00,1002.00,0.00,0.00,430.24,430.30,15.30,14.52,30.00,0.00,1,16,71,23,2
720,51849,100002897,1662536316,1003.00,1003.00,0.00,0.00,520.07,520.28,15.97,15.47,30.00,0.00,2,15,145,31,2
721,51852,100002897,1662536405,1003.00,1003.00,0.00,0.00,542.87,543.00,18.39,17.50,35.00,0.00,3,13,234,54,2
722,51855,100002897,1662536504,1003.00,1003.00,0.00,0.00,479.83,479.97,17.67,16.88,35.00,0.00,4,13,333,62,2
723,51857,100002897,1662536588,1002.00,1002.00,0.00,0.00,491.03,491.05,17.47,16.14,35.00,0.00,5,10,417,55,2
724,51859,100002897,1662536710,792.00,791.00,0.00,0.00,369.93,369.83,22.60,21.18,50.00,0.00,6,5,539,101,2
725,52061,100002897,1662619452,107.00,106.00,25.10,26.77,98.73,98.77,13.62,13.21,26.84,10.00,1,3,34,0,6
726,52067,100002897,1662620060,994.00,993.00,0.00,0.00,337.70,337.66,4.82,5.20,10.00,0.00,1,7,98,68,3
727,52069,100002897,1662620104,1002.00,1002.00,0.00,0.00,441.91,441.82,5.94,4.09,10.00,0.00,2,14,142,6,3
728,52071,100002897,1662620121,909.00,911.00,0.00,0.00,325.04,324.96,-0.03,9.51,10.00,0.00,3,4,159,4,3
729,52072,100002897,1662620181,1000.00,999.00,0.00,0.00,358.74,358.70,6.24,3.51,10.00,0.00,4,18,219,9,3
730,52073,100002897,1662620234,424.00,424.00,0.00,0.00,112.93,113.05,5.40,1.72,10.00,0.00,5,12,272,8,3
731,52491,100002897,1663147478,1004.00,1003.00,0.00,0.00,446.12,446.41,16.10,14.33,30.00,0.00,1,15,57,20,2
732,52493,100002897,1663147556,1003.00,1002.00,0.00,0.00,565.45,565.61,17.25,14.98,30.00,0.00,2,13,134,43,2
733,52495,100002897,1663147639,1003.00,1002.00,0.00,0.00,523.39,523.48,18.60,17.00,35.00,0.00,3,12,217,48,2
734,52498,100002897,1663147727,1000.00,999.00,0.00,0.00,439.23,439.27,21.80,20.45,45.00,0.00,4,9,305,59,2
735,52500,100002897,1663147821,859.00,858.00,0.00,0.00,314.44,314.58,24.24,22.33,50.00,0.00,5,8,400,66,2
736,52502,100002897,1663147902,796.00,796.00,0.00,0.00,285.94,286.15,23.76,22.11,50.00,0.00,6,7,481,55,2
737,52944,100002897,1663310588,835.00,834.00,0.00,0.00,400.76,400.92,26.93,24.50,55.00,0.00,1,9,44,15,2
738,53225,100002897,1663574446,0.00,0.00,29.65,26.89,0.00,0.00,19.59,17.47,20.00,30.00,1,6,45,18,2
739,53226,100002897,1663574522,0.00,0.00,32.79,32.06,0.00,0.00,23.86,21.83,25.00,20.00,2,8,121,38,2
740,53227,100002897,1663574603,0.00,0.00,31.41,30.63,0.00,0.00,24.46,22.83,35.00,20.00,3,8,202,44,2
741,53228,100002897,1663574702,0.00,0.00,30.36,28.52,0.00,0.00,20.74,19.96,35.00,20.00,4,7,301,67,2
742,53229,100002897,1663574780,0.00,0.00,30.45,28.08,0.00,0.00,22.98,22.60,40.00,20.00,5,7,378,49,2
743,53230,100002897,1663574846,0.00,0.00,33.92,32.20,0.00,0.00,21.44,20.83,40.00,20.00,6,5,445,43,2
744,53231,100002897,1663574920,884.00,964.00,0.00,0.00,224.01,320.32,19.36,25.21,25.00,0.00,1,13,49,10,2
745,53232,100002897,1663574981,1003.00,0.00,0.00,0.00,576.90,0.00,19.47,0.00,20.00,0.00,2,9,110,33,2
746,53233,100002897,1663575014,0.00,1002.00,0.00,0.00,0.00,535.63,0.00,19.31,20.00,0.00,3,8,143,9,2
747,53491,100002897,1663743584,1003.00,1003.00,0.00,0.00,529.06,529.33,14.64,12.53,25.00,0.00,1,12,45,14,2
748,53492,100002897,1663743650,1004.00,1003.00,0.00,0.00,637.52,637.72,20.01,17.90,35.00,0.00,2,12,112,34,2
749,53493,100002897,1663743806,1003.00,1002.00,0.00,0.00,537.94,538.19,20.54,20.12,40.00,0.00,3,12,267,123,2
750,53494,100002897,1663743909,906.00,905.00,0.00,0.00,392.33,392.44,24.31,22.05,50.00,0.00,4,8,371,76,2
751,53495,100002897,1663743983,663.00,663.00,0.00,0.00,227.39,227.45,24.04,23.21,55.00,0.00,5,7,445,49,2
752,53951,100002897,1664185419,1003.00,1002.00,0.00,0.00,509.53,509.67,15.59,14.13,30.00,0.00,1,13,89,51,2
753,53952,100002897,1664185531,1003.00,1002.00,0.00,0.00,485.04,485.15,18.06,16.35,35.00,0.00,2,13,201,74,2
754,53953,100002897,1664185659,1002.00,1002.00,0.00,0.00,438.46,438.44,20.11,18.35,40.00,0.00,3,12,329,93,2
755,53954,100002897,1664185751,933.00,932.00,0.00,0.00,393.75,393.81,21.92,20.10,45.00,0.00,4,8,420,61,2
756,53955,100002897,1664185843,982.00,981.00,0.00,0.00,402.78,402.97,21.65,19.98,45.00,0.00,5,8,513,64,2
757,53956,100002897,1664185933,1001.00,1001.00,0.00,0.00,407.38,407.41,21.37,20.08,45.00,0.00,6,7,603,63,2
758,53957,100002897,1664186010,1002.00,1002.00,0.00,0.00,448.16,448.31,17.57,16.92,35.00,0.00,7,10,679,42,2
759,54300,100002897,1664435989,1003.00,1003.00,0.00,0.00,412.79,413.50,15.72,14.86,30.00,0.00,1,10,50,18,2
760,54301,100002897,1664436056,1004.00,1004.00,0.00,0.00,589.07,589.62,18.60,17.18,35.00,0.00,2,12,117,34,2
761,54302,100002897,1664436232,1002.00,1004.00,0.00,0.00,421.52,422.17,20.54,18.31,40.00,0.00,3,10,293,144,2
762,54303,100002897,1664436315,998.00,999.00,0.00,0.00,401.51,402.02,22.01,19.00,45.00,0.00,4,7,376,57,2
763,54304,100002897,1664436397,799.00,800.00,0.00,0.00,331.90,332.61,23.36,20.68,50.00,0.00,5,5,458,58,2
764,54694,100002897,1664875545,1003.00,1003.00,0.00,0.00,551.15,551.85,17.00,16.36,30.00,0.00,1,7,101,80,2
765,54695,100002897,1664875621,1003.00,1003.00,0.00,0.00,532.77,533.29,19.99,19.13,40.00,0.00,2,12,177,41,2
766,54696,100002897,1664875695,832.00,833.00,0.00,0.00,385.63,386.08,23.71,22.61,50.00,0.00,3,8,251,47,2
767,54697,100002897,1664875804,837.00,838.00,0.00,0.00,329.23,330.11,23.85,22.55,50.00,0.00,4,10,360,79,2
768,54698,100002897,1664875936,776.00,778.00,0.00,0.00,320.05,320.72,24.14,22.11,50.00,0.00,5,7,492,108,2
769,55034,100002897,1665127417,1003.00,1002.00,0.00,0.00,537.63,537.74,12.94,12.57,25.00,0.00,1,15,60,24,2
770,55035,100002897,1665127524,1004.00,1003.00,0.00,0.00,563.41,563.48,15.57,15.93,30.00,0.00,2,13,168,71,2
771,55038,100002897,1665127624,1001.00,1001.00,0.00,0.00,490.84,490.97,23.81,22.39,50.00,0.00,3,8,268,74,2
772,55039,100002897,1665127726,1001.00,1001.00,0.00,0.00,349.14,349.16,23.47,23.25,50.00,0.00,4,9,370,72,2
773,55040,100002897,1665127809,728.00,728.00,0.00,0.00,344.96,344.92,22.68,21.02,50.00,0.00,5,4,452,65,2
774,55042,100002897,1665127841,1002.00,1001.00,0.00,0.00,491.58,491.64,21.07,20.14,45.00,0.00,6,6,485,13,2
775,55044,100002897,1665127962,926.00,926.00,0.00,0.00,441.52,441.47,21.49,20.32,45.00,0.00,7,8,606,96,2
776,55263,100002897,1665475932,1003.00,1003.00,0.00,0.00,532.65,532.77,15.66,15.50,30.00,0.00,1,13,108,75,2
777,55267,100002897,1665476197,1003.00,1002.00,0.00,0.00,532.75,532.82,20.25,18.87,40.00,0.00,2,12,372,233,2
778,55269,100002897,1665476302,1002.00,1001.00,0.00,0.00,557.31,557.42,22.10,20.69,45.00,0.00,3,12,479,74,2
779,55270,100002897,1665476410,895.00,894.00,0.00,0.00,438.29,438.48,23.75,22.31,50.00,0.00,4,8,586,82,2
780,55272,100002897,1665476529,869.00,868.00,0.00,0.00,480.95,481.05,23.87,22.38,50.00,0.00,5,9,705,94,2
781,55273,100002897,1665476663,979.00,978.00,0.00,0.00,425.86,426.05,22.65,21.87,50.00,0.00,6,6,838,113,2
782,55386,100002897,1665558439,810.00,810.00,0.00,0.00,328.26,328.17,14.04,14.69,30.00,0.00,1,14,72,34,3
783,55387,100002897,1665558617,825.00,825.00,0.00,0.00,337.64,337.59,16.51,17.05,35.00,0.00,2,13,250,141,3
784,55388,100002897,1665558818,825.00,825.00,0.00,0.00,141.11,141.08,23.33,24.37,55.00,0.00,4,5,451,9,3
785,55638,100002897,1665741159,1003.00,1002.00,0.00,0.00,471.88,471.98,15.36,14.26,30.00,0.00,1,13,65,24,2
786,55639,100002897,1665741280,1003.00,1002.00,0.00,0.00,399.08,399.08,18.26,16.24,35.00,0.00,2,13,186,78,2
787,55640,100002897,1665741387,1001.00,1001.00,0.00,0.00,372.14,372.12,21.06,18.00,40.00,0.00,3,12,293,68,2
788,55641,100002897,1665741462,947.00,946.00,0.00,0.00,326.72,326.66,21.09,20.54,45.00,0.00,4,8,368,45,2
789,55642,100002897,1665741565,977.00,977.00,0.00,0.00,352.52,352.57,21.30,20.87,45.00,0.00,5,9,471,72,2
790,55643,100002897,1665741696,1001.00,1000.00,0.00,0.00,398.35,398.40,20.16,19.02,41.00,0.00,6,9,602,102,2
791,55760,100002897,1665982480,999.00,1000.00,0.00,0.00,450.09,450.97,5.13,4.83,10.00,0.00,1,5,22,9,2
792,55822,100002897,1666000654,1000.00,1001.00,0.00,0.00,433.49,433.53,20.16,17.84,40.00,0.00,1,9,48,20,2
793,55823,100002897,1666000716,743.00,742.00,0.00,0.00,345.97,345.94,23.66,21.92,50.00,0.00,2,6,111,40,2
794,55938,100002897,1666090442,1003.00,1002.00,0.00,0.00,429.48,429.67,19.19,16.91,35.00,0.00,1,13,54,13,2
795,55941,100002897,1666090613,919.00,918.00,0.00,0.00,406.21,406.21,22.79,20.23,45.00,0.00,2,11,225,137,2
796,55943,100002897,1666090777,634.00,635.00,0.00,0.00,292.90,292.83,27.09,24.64,55.00,0.00,3,9,389,134,2
797,56027,100002897,1666173360,1003.00,1003.00,0.00,0.00,500.95,501.04,15.49,14.69,30.00,0.00,1,12,57,26,2
798,56028,100002897,1666173465,1001.00,1001.00,0.00,0.00,465.55,465.56,17.87,16.46,35.00,0.00,2,14,162,67,2
799,56029,100002897,1666173591,825.00,824.00,0.00,0.00,321.54,321.60,27.03,24.93,55.00,0.00,4,9,288,3,2
800,56030,100002897,1666173697,706.00,706.00,0.00,0.00,294.71,294.77,26.70,24.47,55.00,0.00,5,8,394,79,2
801,56261,100002897,1666346626,1004.00,1002.00,0.00,0.00,499.22,499.17,15.15,14.38,30.00,0.00,1,11,45,15,2
802,56262,100002897,1666346717,1003.00,1002.00,0.00,0.00,570.70,570.70,18.36,17.04,35.00,0.00,2,13,135,58,2
803,56263,100002897,1666346801,855.00,855.00,0.00,0.00,431.24,431.31,24.42,22.85,50.00,0.00,3,9,219,57,2
804,56264,100002897,1666346889,815.00,815.00,0.00,0.00,419.07,419.26,23.69,22.71,50.00,0.00,4,9,308,63,2
805,56500,100002897,1666605694,998.00,997.00,0.00,0.00,490.81,490.84,15.57,13.44,30.00,0.00,2,12,158,88,2
806,56502,100002897,1666605770,1003.00,1002.00,0.00,0.00,516.11,516.13,15.85,13.93,30.00,0.00,3,15,234,37,2
807,56504,100002897,1666605841,1003.00,1002.00,0.00,0.00,530.99,531.08,17.84,16.80,35.00,0.00,4,13,306,36,2
808,56505,100002897,1666605916,1002.00,1002.00,0.00,0.00,485.07,485.12,17.44,16.31,35.00,0.00,5,13,380,40,2
809,56507,100002897,1666605991,1000.00,1000.00,0.00,0.00,487.17,487.26,19.16,18.87,40.00,0.00,6,10,455,48,2
810,56509,100002897,1666606087,893.00,892.00,0.00,0.00,389.69,389.61,21.14,20.23,45.00,0.00,7,7,552,73,2
811,56776,100002897,1666766122,893.00,893.00,0.00,0.00,411.81,411.89,5.27,4.96,10.00,0.00,1,7,24,12,4
812,56777,100002897,1666766152,992.00,993.00,0.00,0.00,520.65,520.77,4.74,5.35,10.00,0.00,2,8,54,17,4
813,56778,100002897,1666766168,705.00,706.00,0.00,0.00,302.33,302.67,5.16,5.68,10.00,0.00,3,6,70,6,4
814,56779,100002897,1666767955,1002.00,1002.00,0.00,0.00,498.86,498.93,15.07,14.88,30.00,0.00,1,15,68,28,2
815,56780,100002897,1666768045,1003.00,1003.00,0.00,0.00,528.07,528.13,18.07,17.27,35.00,0.00,2,15,159,52,2
816,56781,100002897,1666768140,1003.00,1003.00,0.00,0.00,535.05,535.15,18.08,16.74,35.00,0.00,3,12,254,62,2
817,56782,100002897,1666768241,1002.00,1001.00,0.00,0.00,465.93,466.08,20.11,18.34,40.00,0.00,4,12,355,69,2
818,56783,100002897,1666768339,1000.00,999.00,0.00,0.00,465.52,465.53,19.80,18.26,40.00,0.00,5,9,452,70,2
819,56784,100002897,1666768574,788.00,789.00,0.00,0.00,380.54,380.50,25.60,23.59,55.00,0.00,6,6,688,214,2
820,56977,100002897,1666864116,1003.00,1002.00,0.00,0.00,531.79,531.91,14.47,13.30,30.00,0.00,1,5,221,205,2
821,57315,100002897,1667209190,1003.00,1002.00,0.00,0.00,449.02,449.14,15.64,13.81,30.00,0.00,1,14,60,21,2
822,57316,100002897,1667209290,1003.00,1002.00,0.00,0.00,464.17,464.32,18.54,15.89,35.00,0.00,2,15,160,57,2
823,57317,100002897,1667209375,1002.00,1002.00,0.00,0.00,498.02,498.16,18.24,16.25,35.00,0.00,3,14,245,47,2
824,57318,100002897,1667209464,1003.00,1002.00,0.00,0.00,495.65,495.65,18.44,16.33,35.00,0.00,4,13,334,51,2
825,57319,100002897,1667209532,812.00,811.00,0.00,0.00,359.27,359.11,23.80,22.76,50.00,0.00,5,6,403,46,2
826,57320,100002897,1667209618,831.00,830.00,0.00,0.00,382.27,382.31,23.21,22.41,50.00,0.00,6,6,488,64,2
827,57321,100002897,1667209665,1001.00,1001.00,0.00,0.00,506.47,506.32,21.66,20.20,45.00,0.00,7,8,536,23,2
828,57322,100002897,1667209735,1001.00,1001.00,0.00,0.00,566.87,566.42,21.61,19.70,45.00,0.00,8,6,606,49,2
829,57323,100002897,1667209863,925.00,999.00,0.00,0.00,311.68,391.07,9.73,10.10,10.00,0.00,1,29,56,20,3
830,57324,100002897,1667209953,0.00,0.00,19.25,20.28,0.00,0.00,14.09,13.92,15.00,30.00,1,14,60,21,3
831,57325,100002897,1667210016,0.00,0.00,16.24,17.84,0.00,0.00,12.23,13.26,20.00,30.00,2,10,122,30,3
832,57326,100002897,1667210196,0.00,0.00,17.70,19.13,0.00,0.00,12.83,13.72,20.00,30.00,3,15,303,140,3
833,57440,100002897,1667296404,1003.00,1002.00,0.00,0.00,507.34,507.49,15.93,14.01,30.00,0.00,1,15,74,35,2
834,57442,100002897,1667296476,0.00,0.00,28.71,25.87,0.00,0.00,20.72,19.41,30.00,30.00,1,11,54,14,2
835,57443,100002897,1667296613,0.00,0.00,30.06,26.53,0.00,0.00,20.21,19.24,30.00,30.00,2,11,190,94,2
836,57444,100002897,1667296806,0.00,0.00,31.94,28.66,0.00,0.00,22.93,20.16,30.00,30.00,3,8,383,160,2
837,57445,100002897,1667296861,971.00,970.00,0.00,0.00,380.55,380.52,7.91,7.09,15.00,0.00,1,11,45,15,6
838,57447,100002897,1667296994,820.00,821.00,0.00,0.00,341.26,341.41,10.22,9.41,20.00,0.00,2,13,177,99,6
839,57448,100002897,1667297103,834.00,834.00,0.00,0.00,346.91,347.08,10.38,9.42,20.00,0.00,3,13,286,78,6
840,57521,100002897,1667377427,0.00,0.00,22.38,23.58,0.00,0.00,13.41,14.39,15.00,30.00,1,16,64,23,3
841,57522,100002897,1667377543,0.00,0.00,19.20,19.39,0.00,0.00,13.75,13.33,20.00,30.00,2,16,180,69,3
842,57525,100002897,1667377661,0.00,0.00,23.71,23.55,0.00,0.00,16.91,16.87,25.00,25.00,3,13,298,77,3
843,57717,100002897,1667469111,903.00,901.00,0.00,0.00,458.71,458.50,25.46,1.22,30.00,0.00,1,5,32,15,2
844,57718,100002897,1667469150,1002.00,1002.00,0.00,0.00,507.20,507.42,17.58,6.62,25.00,0.00,2,10,70,11,2
845,57720,100002897,1667469222,1003.00,1002.00,0.00,0.00,571.24,571.53,17.06,8.76,25.00,0.00,3,13,143,39,2
846,58124,100002897,1667814321,1003.00,1003.00,0.00,0.00,508.62,508.86,15.61,14.80,30.00,0.00,1,11,56,25,2
847,58125,100002897,1667814372,1004.00,1003.00,0.00,0.00,601.45,601.59,16.51,15.46,30.00,0.00,2,10,107,24,2
848,58126,100002897,1667814447,1003.00,1002.00,0.00,0.00,593.19,593.14,21.92,20.81,45.00,0.00,3,8,182,50,2
849,58127,100002897,1667814507,861.00,861.00,0.00,0.00,459.36,459.38,25.69,24.37,55.00,0.00,4,7,242,37,2
850,58128,100002897,1667814586,991.00,991.00,0.00,0.00,279.29,279.44,26.58,25.05,60.00,0.00,5,5,321,60,2
851,58129,100002897,1667814682,996.00,996.00,0.00,0.00,329.44,329.61,25.51,24.65,58.00,0.00,6,5,417,78,2
852,58130,100002897,1667814742,851.00,851.00,0.00,0.00,418.77,419.09,22.88,21.50,53.00,0.00,7,4,478,45,2
853,58189,100002897,1667887936,738.00,738.00,0.00,0.00,97.41,97.46,5.25,4.41,10.00,0.00,1,14,95,5,6
854,58224,100002897,1667899939,0.00,0.00,17.86,15.54,0.00,0.00,12.46,10.68,15.00,30.00,1,10,50,18,6
855,58225,100002897,1667900078,0.00,0.00,20.83,20.31,0.00,0.00,14.48,13.29,20.00,25.00,1,13,54,16,6
856,58226,100002897,1667900156,0.00,0.00,16.96,15.37,0.00,0.00,11.96,11.45,20.00,25.00,1,9,48,17,6
857,58227,100002897,1667900313,0.00,0.00,18.01,15.84,0.00,0.00,12.06,10.81,20.00,25.00,2,10,204,121,6
858,58228,100002897,1667900412,0.00,0.00,15.47,14.16,0.00,0.00,12.19,10.66,20.00,25.00,3,8,304,70,6
859,58229,100002897,1667900589,871.00,871.00,0.00,0.00,387.72,387.67,14.11,14.96,30.00,0.00,1,14,159,120,3
860,58230,100002897,1667900705,781.00,781.00,0.00,0.00,348.97,348.76,13.98,14.51,30.00,0.00,2,13,275,76,3
861,59025,100002897,1668494588,1003.00,1002.00,0.00,0.00,526.01,526.08,15.88,15.09,30.00,0.00,1,14,51,13,2
862,59026,100002897,1668494637,1003.00,1002.00,0.00,0.00,543.91,543.95,18.66,17.03,35.00,0.00,2,12,100,16,2
863,59028,100002897,1668494732,1003.00,1003.00,0.00,0.00,507.94,508.06,18.34,16.33,35.00,0.00,3,11,195,62,2
864,59030,100002897,1668495045,1003.00,1002.00,0.00,0.00,464.22,464.27,18.67,16.16,35.00,0.00,4,12,508,276,2
865,59457,100002897,1668679807,1003.00,1002.00,0.00,0.00,533.95,534.05,16.88,14.81,30.00,0.00,1,14,58,18,2
866,59460,100002897,1668680090,1002.00,1002.00,0.00,0.00,519.64,519.67,22.46,20.38,45.00,0.00,2,11,342,250,2
867,59463,100002897,1668680334,999.00,1000.00,0.00,0.00,484.89,485.02,22.37,19.46,45.00,0.00,3,10,586,212,2
868,59656,100002897,1668763909,1003.00,1003.00,0.00,0.00,573.92,574.64,16.62,13.75,30.00,0.00,1,10,65,35,2
869,59657,100002897,1668764011,1003.00,1004.00,0.00,0.00,594.79,595.55,21.56,18.40,40.00,0.00,2,11,168,71,2
870,59658,100002897,1668764274,1000.00,1002.00,0.00,0.00,522.21,522.95,23.99,20.35,50.00,0.00,3,6,430,242,2
871,59892,100002897,1669022858,0.00,0.00,27.88,22.99,0.00,0.00,19.07,16.21,30.00,35.00,1,12,55,14,2
872,59895,100002897,1669022991,0.00,0.00,30.53,24.30,0.00,0.00,21.25,17.55,35.00,30.00,2,10,188,98,2
873,59898,100002897,1669023229,0.00,0.00,32.39,28.22,0.00,0.00,23.86,21.26,40.00,35.00,3,7,426,212,2
874,62365,100002897,1670482086,1002.00,1002.00,0.00,0.00,478.01,478.01,15.83,14.82,30.00,0.00,1,10,39,12,2
875,62366,100002897,1670482167,1003.00,1003.00,0.00,0.00,487.50,487.69,19.01,16.47,35.00,0.00,2,12,120,47,2
876,62367,100002897,1670482247,1003.00,1002.00,0.00,0.00,570.55,570.72,19.23,16.94,35.00,0.00,3,12,201,47,2
877,62368,100002897,1670482316,1003.00,1002.00,0.00,0.00,430.47,430.60,19.29,17.87,40.00,0.00,4,6,269,47,2
878,62369,100002897,1670482372,1003.00,1002.00,0.00,0.00,410.37,410.26,23.10,21.52,50.00,0.00,5,5,325,37,2
879,63218,100002897,1671089626,844.00,844.00,0.00,0.00,339.80,340.31,16.50,12.84,30.00,0.00,1,17,73,19,2
880,63223,100002897,1671089782,820.00,820.00,0.00,0.00,297.65,298.30,18.94,15.21,35.00,0.00,2,15,229,105,2
881,63225,100002897,1671089852,0.00,0.00,27.96,25.62,0.00,0.00,20.14,17.99,35.00,25.00,1,9,61,23,2
882,63229,100002897,1671089978,0.00,0.00,32.84,28.63,0.00,0.00,22.00,19.47,35.00,25.00,2,9,187,89,2
883,63233,100002897,1671090085,0.00,0.00,32.09,26.55,0.00,0.00,20.35,17.61,35.00,25.00,3,7,295,73,2
884,63921,100002897,1671442896,915.00,915.00,0.00,0.00,366.63,367.26,15.84,13.25,30.00,0.00,1,15,71,22,2
885,63922,100002897,1671442955,798.00,799.00,0.00,0.00,317.23,317.73,18.46,15.67,35.00,0.00,2,10,130,22,2
886,63923,100002897,1671443048,907.00,907.00,0.00,0.00,355.31,355.88,22.90,20.25,45.00,0.00,3,11,223,56,2
887,63924,100002897,1671443130,533.00,534.00,0.00,0.00,240.59,241.23,26.30,24.24,55.00,0.00,4,7,305,53,2
888,63925,100002897,1671443245,849.00,850.00,0.00,0.00,264.14,264.74,25.68,23.45,55.00,0.00,1,6,45,19,2
889,63926,100002897,1671443296,0.00,0.00,29.70,26.20,0.00,0.00,19.89,18.92,35.00,30.00,1,8,44,13,2
890,63929,100002897,1671443440,0.00,0.00,31.18,29.96,0.00,0.00,21.27,20.35,35.00,30.00,2,8,188,110,2
891,64062,100002897,1671528663,891.00,891.00,0.00,0.00,354.47,355.08,14.99,13.36,30.00,0.00,1,16,69,25,2
892,64063,100002897,1671528737,1003.00,1003.00,0.00,0.00,443.15,443.66,17.78,16.38,35.00,0.00,2,15,144,38,2
893,64064,100002897,1671528815,570.00,570.00,0.00,0.00,257.00,257.81,26.77,24.27,55.00,0.00,3,8,221,49,2
894,64066,100002897,1671528896,565.00,565.00,0.00,0.00,285.11,285.66,25.04,22.94,55.00,0.00,4,5,303,59,2
895,64068,100002897,1671528956,558.00,558.00,0.00,0.00,244.51,244.97,23.51,21.23,50.00,0.00,5,5,363,37,2
896,66035,100002897,1672827494,0.00,0.00,29.03,26.62,0.00,0.00,21.21,18.07,35.00,25.00,1,9,62,28,2
897,66807,100002897,1673502848,837.00,626.00,0.00,0.00,337.74,272.86,4.96,4.84,5.00,0.00,1,4,19,8,6
898,70363,100002897,1676019143,990.00,990.00,0.00,0.00,378.16,378.68,18.15,15.74,35.00,0.00,1,13,61,20,2
899,74044,100002897,1678345981,786.00,787.00,0.00,0.00,191.96,192.14,5.36,4.59,10.00,0.00,2,11,181,20,1
900,75088,100002897,1678866761,989.00,989.00,0.00,0.00,387.23,387.21,9.45,10.37,20.00,0.00,1,18,58,15,3
901,75089,100002897,1678866835,926.00,926.00,0.00,0.00,306.94,306.85,11.96,12.39,25.00,0.00,2,13,132,35,3
902,75090,100002897,1678866941,737.00,737.00,0.00,0.00,338.95,338.91,14.95,15.65,30.00,0.00,3,12,238,70,3
